0,lam,alp,N,T
3.9919352531433105,0.04,0.01,100,500
3.995553970336914,0.04,0.01,100,500
4.001053333282471,0.04,0.01,100,500
4.011470317840576,0.04,0.01,100,500
4.009664058685303,0.04,0.01,100,500
4.017989635467529,0.04,0.01,100,500
4.014321804046631,0.04,0.01,100,500
4.018803596496582,0.04,0.01,100,500
4.014753341674805,0.04,0.01,100,500
4.011845588684082,0.04,0.01,100,500
4.018800258636475,0.04,0.01,100,500
4.028919696807861,0.04,0.01,100,500
4.040289402008057,0.04,0.01,100,500
4.048610210418701,0.04,0.01,100,500
4.058625221252441,0.04,0.01,100,500
4.074481010437012,0.04,0.01,100,500
4.077386379241943,0.04,0.01,100,500
4.087188243865967,0.04,0.01,100,500
4.102007865905762,0.04,0.01,100,500
4.109681129455566,0.04,0.01,100,500
4.121485710144043,0.04,0.01,100,500
4.1168622970581055,0.04,0.01,100,500
4.126790523529053,0.04,0.01,100,500
4.133723258972168,0.04,0.01,100,500
4.14008092880249,0.04,0.01,100,500
4.146946907043457,0.04,0.01,100,500
4.165175437927246,0.04,0.01,100,500
4.17242956161499,0.04,0.01,100,500
4.177765369415283,0.04,0.01,100,500
4.194024562835693,0.04,0.01,100,500
4.20574951171875,0.04,0.01,100,500
4.213589191436768,0.04,0.01,100,500
4.218543529510498,0.04,0.01,100,500
4.22821044921875,0.04,0.01,100,500
4.220733165740967,0.04,0.01,100,500
4.2304182052612305,0.04,0.01,100,500
4.241893768310547,0.04,0.01,100,500
4.257472038269043,0.04,0.01,100,500
4.276449203491211,0.04,0.01,100,500
4.284053802490234,0.04,0.01,100,500
4.303359508514404,0.04,0.01,100,500
4.31777286529541,0.04,0.01,100,500
4.324936866760254,0.04,0.01,100,500
4.344356536865234,0.04,0.01,100,500
4.359585285186768,0.04,0.01,100,500
4.365573883056641,0.04,0.01,100,500
4.383575916290283,0.04,0.01,100,500
4.3923821449279785,0.04,0.01,100,500
4.402559280395508,0.04,0.01,100,500
4.419012546539307,0.04,0.01,100,500
4.4328131675720215,0.04,0.01,100,500
4.44065523147583,0.04,0.01,100,500
4.44976806640625,0.04,0.01,100,500
4.455122947692871,0.04,0.01,100,500
4.463972568511963,0.04,0.01,100,500
4.475522518157959,0.04,0.01,100,500
4.488373756408691,0.04,0.01,100,500
4.503505706787109,0.04,0.01,100,500
4.515651226043701,0.04,0.01,100,500
4.524747848510742,0.04,0.01,100,500
4.537448406219482,0.04,0.01,100,500
4.55078125,0.04,0.01,100,500
4.570137023925781,0.04,0.01,100,500
4.583754062652588,0.04,0.01,100,500
4.589758396148682,0.04,0.01,100,500
4.606164455413818,0.04,0.01,100,500
4.625967025756836,0.04,0.01,100,500
4.629212856292725,0.04,0.01,100,500
4.639906406402588,0.04,0.01,100,500
4.662001132965088,0.04,0.01,100,500
4.669501304626465,0.04,0.01,100,500
4.681522846221924,0.04,0.01,100,500
4.697508335113525,0.04,0.01,100,500
4.721541881561279,0.04,0.01,100,500
4.73912239074707,0.04,0.01,100,500
4.754378318786621,0.04,0.01,100,500
4.771026134490967,0.04,0.01,100,500
4.782076835632324,0.04,0.01,100,500
4.790752410888672,0.04,0.01,100,500
4.812450885772705,0.04,0.01,100,500
4.821652412414551,0.04,0.01,100,500
4.836396217346191,0.04,0.01,100,500
4.850844383239746,0.04,0.01,100,500
4.866939544677734,0.04,0.01,100,500
4.895170211791992,0.04,0.01,100,500
4.905725479125977,0.04,0.01,100,500
4.9308013916015625,0.04,0.01,100,500
4.950229644775391,0.04,0.01,100,500
4.9663615226745605,0.04,0.01,100,500
4.979062080383301,0.04,0.01,100,500
5.000300884246826,0.04,0.01,100,500
5.021353721618652,0.04,0.01,100,500
5.041247844696045,0.04,0.01,100,500
5.056094646453857,0.04,0.01,100,500
5.080702781677246,0.04,0.01,100,500
5.09801721572876,0.04,0.01,100,500
5.119608402252197,0.04,0.01,100,500
5.1386494636535645,0.04,0.01,100,500
5.15785551071167,0.04,0.01,100,500
5.176680564880371,0.04,0.01,100,500
5.196932315826416,0.04,0.01,100,500
5.219379901885986,0.04,0.01,100,500
5.225299835205078,0.04,0.01,100,500
5.252692222595215,0.04,0.01,100,500
5.259854316711426,0.04,0.01,100,500
5.276978492736816,0.04,0.01,100,500
5.3017778396606445,0.04,0.01,100,500
5.316670894622803,0.04,0.01,100,500
5.334798336029053,0.04,0.01,100,500
5.357972145080566,0.04,0.01,100,500
5.380721569061279,0.04,0.01,100,500
5.399089336395264,0.04,0.01,100,500
5.413899898529053,0.04,0.01,100,500
5.425433158874512,0.04,0.01,100,500
5.444599151611328,0.04,0.01,100,500
5.455320358276367,0.04,0.01,100,500
5.476111888885498,0.04,0.01,100,500
5.4915289878845215,0.04,0.01,100,500
5.513881683349609,0.04,0.01,100,500
5.53188419342041,0.04,0.01,100,500
5.546502113342285,0.04,0.01,100,500
5.565091609954834,0.04,0.01,100,500
5.585482120513916,0.04,0.01,100,500
5.599411487579346,0.04,0.01,100,500
5.618467807769775,0.04,0.01,100,500
5.635385990142822,0.04,0.01,100,500
5.650047779083252,0.04,0.01,100,500
5.669022560119629,0.04,0.01,100,500
5.68879508972168,0.04,0.01,100,500
5.707311153411865,0.04,0.01,100,500
5.733642578125,0.04,0.01,100,500
5.744523525238037,0.04,0.01,100,500
5.759040355682373,0.04,0.01,100,500
5.778994560241699,0.04,0.01,100,500
5.802165508270264,0.04,0.01,100,500
5.822971343994141,0.04,0.01,100,500
5.841050624847412,0.04,0.01,100,500
5.863217830657959,0.04,0.01,100,500
5.885156154632568,0.04,0.01,100,500
5.905064105987549,0.04,0.01,100,500
5.927557945251465,0.04,0.01,100,500
5.944924354553223,0.04,0.01,100,500
5.954775810241699,0.04,0.01,100,500
5.976036071777344,0.04,0.01,100,500
5.9908833503723145,0.04,0.01,100,500
6.005199909210205,0.04,0.01,100,500
6.030364990234375,0.04,0.01,100,500
6.044055938720703,0.04,0.01,100,500
6.061030387878418,0.04,0.01,100,500
6.083311557769775,0.04,0.01,100,500
6.109921932220459,0.04,0.01,100,500
6.131341457366943,0.04,0.01,100,500
6.154898166656494,0.04,0.01,100,500
6.1785502433776855,0.04,0.01,100,500
6.202435493469238,0.04,0.01,100,500
6.226030349731445,0.04,0.01,100,500
6.240540981292725,0.04,0.01,100,500
6.257290363311768,0.04,0.01,100,500
6.281933784484863,0.04,0.01,100,500
6.309386730194092,0.04,0.01,100,500
6.327423572540283,0.04,0.01,100,500
6.350961208343506,0.04,0.01,100,500
6.367112636566162,0.04,0.01,100,500
6.377049446105957,0.04,0.01,100,500
6.3946452140808105,0.04,0.01,100,500
6.407674789428711,0.04,0.01,100,500
6.4300079345703125,0.04,0.01,100,500
6.450806617736816,0.04,0.01,100,500
6.469270706176758,0.04,0.01,100,500
6.486523151397705,0.04,0.01,100,500
6.510310649871826,0.04,0.01,100,500
6.532251834869385,0.04,0.01,100,500
6.5549421310424805,0.04,0.01,100,500
6.575324535369873,0.04,0.01,100,500
6.586891174316406,0.04,0.01,100,500
6.60982608795166,0.04,0.01,100,500
6.628782749176025,0.04,0.01,100,500
6.644053936004639,0.04,0.01,100,500
6.656863212585449,0.04,0.01,100,500
6.675296783447266,0.04,0.01,100,500
6.699464321136475,0.04,0.01,100,500
6.717376232147217,0.04,0.01,100,500
6.741578578948975,0.04,0.01,100,500
6.7617340087890625,0.04,0.01,100,500
6.787815093994141,0.04,0.01,100,500
6.802828788757324,0.04,0.01,100,500
6.820230960845947,0.04,0.01,100,500
6.844100475311279,0.04,0.01,100,500
6.864440441131592,0.04,0.01,100,500
6.884293556213379,0.04,0.01,100,500
6.902843952178955,0.04,0.01,100,500
6.922036647796631,0.04,0.01,100,500
6.942704677581787,0.04,0.01,100,500
6.974111080169678,0.04,0.01,100,500
6.996272563934326,0.04,0.01,100,500
7.01862096786499,0.04,0.01,100,500
7.032163143157959,0.04,0.01,100,500
7.050436973571777,0.04,0.01,100,500
7.061244964599609,0.04,0.01,100,500
7.0830817222595215,0.04,0.01,100,500
7.090165615081787,0.04,0.01,100,500
7.105891704559326,0.04,0.01,100,500
7.11678409576416,0.04,0.01,100,500
7.133087635040283,0.04,0.01,100,500
7.155344486236572,0.04,0.01,100,500
7.166524410247803,0.04,0.01,100,500
7.1798505783081055,0.04,0.01,100,500
7.197933197021484,0.04,0.01,100,500
7.2180376052856445,0.04,0.01,100,500
7.237452507019043,0.04,0.01,100,500
7.259509086608887,0.04,0.01,100,500
7.27421760559082,0.04,0.01,100,500
7.292022705078125,0.04,0.01,100,500
7.310410976409912,0.04,0.01,100,500
7.334991931915283,0.04,0.01,100,500
7.364099502563477,0.04,0.01,100,500
7.37602424621582,0.04,0.01,100,500
7.390534400939941,0.04,0.01,100,500
7.407685279846191,0.04,0.01,100,500
7.425841331481934,0.04,0.01,100,500
7.444790840148926,0.04,0.01,100,500
7.468669891357422,0.04,0.01,100,500
7.487007141113281,0.04,0.01,100,500
7.50872278213501,0.04,0.01,100,500
7.5268988609313965,0.04,0.01,100,500
7.54798698425293,0.04,0.01,100,500
7.577210426330566,0.04,0.01,100,500
7.598832607269287,0.04,0.01,100,500
7.623291492462158,0.04,0.01,100,500
7.641964912414551,0.04,0.01,100,500
7.666153430938721,0.04,0.01,100,500
7.685575485229492,0.04,0.01,100,500
7.700881004333496,0.04,0.01,100,500
7.721955299377441,0.04,0.01,100,500
7.745919704437256,0.04,0.01,100,500
7.7671637535095215,0.04,0.01,100,500
7.781286716461182,0.04,0.01,100,500
7.79533052444458,0.04,0.01,100,500
7.823424339294434,0.04,0.01,100,500
7.843317031860352,0.04,0.01,100,500
7.860019683837891,0.04,0.01,100,500
7.87267541885376,0.04,0.01,100,500
7.898293495178223,0.04,0.01,100,500
7.915393829345703,0.04,0.01,100,500
7.928118705749512,0.04,0.01,100,500
7.940744876861572,0.04,0.01,100,500
7.954942226409912,0.04,0.01,100,500
7.978203296661377,0.04,0.01,100,500
7.9997687339782715,0.04,0.01,100,500
8.016340255737305,0.04,0.01,100,500
8.045198440551758,0.04,0.01,100,500
8.062987327575684,0.04,0.01,100,500
8.081244468688965,0.04,0.01,100,500
8.095553398132324,0.04,0.01,100,500
8.110692977905273,0.04,0.01,100,500
8.140063285827637,0.04,0.01,100,500
8.155961990356445,0.04,0.01,100,500
8.171221733093262,0.04,0.01,100,500
8.192771911621094,0.04,0.01,100,500
8.214034080505371,0.04,0.01,100,500
8.231550216674805,0.04,0.01,100,500
8.253946304321289,0.04,0.01,100,500
8.271430969238281,0.04,0.01,100,500
8.291396141052246,0.04,0.01,100,500
8.304200172424316,0.04,0.01,100,500
8.324874877929688,0.04,0.01,100,500
8.343521118164062,0.04,0.01,100,500
8.3683443069458,0.04,0.01,100,500
8.38794231414795,0.04,0.01,100,500
8.412689208984375,0.04,0.01,100,500
8.422713279724121,0.04,0.01,100,500
8.44134521484375,0.04,0.01,100,500
8.457494735717773,0.04,0.01,100,500
8.470768928527832,0.04,0.01,100,500
8.493142127990723,0.04,0.01,100,500
8.512863159179688,0.04,0.01,100,500
8.528353691101074,0.04,0.01,100,500
8.547639846801758,0.04,0.01,100,500
8.559569358825684,0.04,0.01,100,500
8.581087112426758,0.04,0.01,100,500
8.596020698547363,0.04,0.01,100,500
8.610980033874512,0.04,0.01,100,500
8.631361961364746,0.04,0.01,100,500
8.647072792053223,0.04,0.01,100,500
8.66850757598877,0.04,0.01,100,500
8.685566902160645,0.04,0.01,100,500
8.701942443847656,0.04,0.01,100,500
8.72462272644043,0.04,0.01,100,500
8.746583938598633,0.04,0.01,100,500
8.756019592285156,0.04,0.01,100,500
8.779415130615234,0.04,0.01,100,500
8.787343978881836,0.04,0.01,100,500
8.803203582763672,0.04,0.01,100,500
8.820423126220703,0.04,0.01,100,500
8.836946487426758,0.04,0.01,100,500
8.855344772338867,0.04,0.01,100,500
8.881819725036621,0.04,0.01,100,500
8.905320167541504,0.04,0.01,100,500
8.930028915405273,0.04,0.01,100,500
8.949707984924316,0.04,0.01,100,500
8.971293449401855,0.04,0.01,100,500
8.996286392211914,0.04,0.01,100,500
9.013117790222168,0.04,0.01,100,500
9.034049987792969,0.04,0.01,100,500
9.051034927368164,0.04,0.01,100,500
9.070015907287598,0.04,0.01,100,500
9.085392951965332,0.04,0.01,100,500
9.100164413452148,0.04,0.01,100,500
9.121246337890625,0.04,0.01,100,500
9.147954940795898,0.04,0.01,100,500
9.171748161315918,0.04,0.01,100,500
9.189841270446777,0.04,0.01,100,500
9.20348072052002,0.04,0.01,100,500
9.227011680603027,0.04,0.01,100,500
9.243433952331543,0.04,0.01,100,500
9.26236629486084,0.04,0.01,100,500
9.28355598449707,0.04,0.01,100,500
9.310524940490723,0.04,0.01,100,500
9.33322811126709,0.04,0.01,100,500
9.351045608520508,0.04,0.01,100,500
9.368620872497559,0.04,0.01,100,500
9.381468772888184,0.04,0.01,100,500
9.402766227722168,0.04,0.01,100,500
9.41766357421875,0.04,0.01,100,500
9.440755844116211,0.04,0.01,100,500
9.458243370056152,0.04,0.01,100,500
9.484888076782227,0.04,0.01,100,500
9.511085510253906,0.04,0.01,100,500
9.532388687133789,0.04,0.01,100,500
9.555998802185059,0.04,0.01,100,500
9.575221061706543,0.04,0.01,100,500
9.590072631835938,0.04,0.01,100,500
9.609220504760742,0.04,0.01,100,500
9.624760627746582,0.04,0.01,100,500
9.648455619812012,0.04,0.01,100,500
9.661900520324707,0.04,0.01,100,500
9.685467720031738,0.04,0.01,100,500
9.708292007446289,0.04,0.01,100,500
9.723819732666016,0.04,0.01,100,500
9.746329307556152,0.04,0.01,100,500
9.770842552185059,0.04,0.01,100,500
9.794898986816406,0.04,0.01,100,500
9.820877075195312,0.04,0.01,100,500
9.834007263183594,0.04,0.01,100,500
9.851644515991211,0.04,0.01,100,500
9.860087394714355,0.04,0.01,100,500
9.881926536560059,0.04,0.01,100,500
9.896073341369629,0.04,0.01,100,500
9.9163818359375,0.04,0.01,100,500
9.93214225769043,0.04,0.01,100,500
9.95099925994873,0.04,0.01,100,500
9.972602844238281,0.04,0.01,100,500
9.996828079223633,0.04,0.01,100,500
10.013256072998047,0.04,0.01,100,500
10.031981468200684,0.04,0.01,100,500
10.054130554199219,0.04,0.01,100,500
10.078559875488281,0.04,0.01,100,500
10.097469329833984,0.04,0.01,100,500
10.113088607788086,0.04,0.01,100,500
10.1361083984375,0.04,0.01,100,500
10.149164199829102,0.04,0.01,100,500
10.165825843811035,0.04,0.01,100,500
10.186328887939453,0.04,0.01,100,500
10.199341773986816,0.04,0.01,100,500
10.216361045837402,0.04,0.01,100,500
10.232941627502441,0.04,0.01,100,500
10.243477821350098,0.04,0.01,100,500
10.257803916931152,0.04,0.01,100,500
10.268094062805176,0.04,0.01,100,500
10.300206184387207,0.04,0.01,100,500
10.307741165161133,0.04,0.01,100,500
10.329695701599121,0.04,0.01,100,500
10.349793434143066,0.04,0.01,100,500
10.372007369995117,0.04,0.01,100,500
10.387707710266113,0.04,0.01,100,500
10.407033920288086,0.04,0.01,100,500
10.422472953796387,0.04,0.01,100,500
10.448429107666016,0.04,0.01,100,500
10.47989273071289,0.04,0.01,100,500
10.498394012451172,0.04,0.01,100,500
10.52136516571045,0.04,0.01,100,500
10.54012680053711,0.04,0.01,100,500
10.56332778930664,0.04,0.01,100,500
10.582292556762695,0.04,0.01,100,500
10.599517822265625,0.04,0.01,100,500
10.617751121520996,0.04,0.01,100,500
10.641071319580078,0.04,0.01,100,500
10.668120384216309,0.04,0.01,100,500
10.694738388061523,0.04,0.01,100,500
10.71511173248291,0.04,0.01,100,500
10.73088550567627,0.04,0.01,100,500
10.74830436706543,0.04,0.01,100,500
10.769857406616211,0.04,0.01,100,500
10.785913467407227,0.04,0.01,100,500
10.811370849609375,0.04,0.01,100,500
10.832671165466309,0.04,0.01,100,500
10.853307723999023,0.04,0.01,100,500
10.866703987121582,0.04,0.01,100,500
10.882101058959961,0.04,0.01,100,500
10.900344848632812,0.04,0.01,100,500
10.924853324890137,0.04,0.01,100,500
10.947015762329102,0.04,0.01,100,500
10.975019454956055,0.04,0.01,100,500
11.002132415771484,0.04,0.01,100,500
11.028518676757812,0.04,0.01,100,500
11.041457176208496,0.04,0.01,100,500
11.065129280090332,0.04,0.01,100,500
11.085516929626465,0.04,0.01,100,500
11.103585243225098,0.04,0.01,100,500
11.124162673950195,0.04,0.01,100,500
11.143798828125,0.04,0.01,100,500
11.16684341430664,0.04,0.01,100,500
11.189972877502441,0.04,0.01,100,500
11.210524559020996,0.04,0.01,100,500
11.223932266235352,0.04,0.01,100,500
11.242294311523438,0.04,0.01,100,500
11.273080825805664,0.04,0.01,100,500
11.291619300842285,0.04,0.01,100,500
11.308350563049316,0.04,0.01,100,500
11.331500053405762,0.04,0.01,100,500
11.350842475891113,0.04,0.01,100,500
11.377492904663086,0.04,0.01,100,500
11.39467716217041,0.04,0.01,100,500
11.411640167236328,0.04,0.01,100,500
11.43513011932373,0.04,0.01,100,500
11.45378303527832,0.04,0.01,100,500
11.482624053955078,0.04,0.01,100,500
11.503159523010254,0.04,0.01,100,500
11.520156860351562,0.04,0.01,100,500
11.541008949279785,0.04,0.01,100,500
11.562129020690918,0.04,0.01,100,500
11.582797050476074,0.04,0.01,100,500
11.600238800048828,0.04,0.01,100,500
11.61772632598877,0.04,0.01,100,500
11.638248443603516,0.04,0.01,100,500
11.655874252319336,0.04,0.01,100,500
11.682330131530762,0.04,0.01,100,500
11.70589542388916,0.04,0.01,100,500
11.722521781921387,0.04,0.01,100,500
11.741388320922852,0.04,0.01,100,500
11.757468223571777,0.04,0.01,100,500
11.777148246765137,0.04,0.01,100,500
11.793294906616211,0.04,0.01,100,500
11.822944641113281,0.04,0.01,100,500
11.84578800201416,0.04,0.01,100,500
11.866904258728027,0.04,0.01,100,500
11.889678955078125,0.04,0.01,100,500
11.908040046691895,0.04,0.01,100,500
11.92547607421875,0.04,0.01,100,500
11.941437721252441,0.04,0.01,100,500
11.96068000793457,0.04,0.01,100,500
11.981223106384277,0.04,0.01,100,500
11.996844291687012,0.04,0.01,100,500
12.011457443237305,0.04,0.01,100,500
12.031235694885254,0.04,0.01,100,500
12.046952247619629,0.04,0.01,100,500
12.064370155334473,0.04,0.01,100,500
12.074357032775879,0.04,0.01,100,500
12.096745491027832,0.04,0.01,100,500
12.111044883728027,0.04,0.01,100,500
12.133307456970215,0.04,0.01,100,500
12.154143333435059,0.04,0.01,100,500
12.170295715332031,0.04,0.01,100,500
12.185713768005371,0.04,0.01,100,500
12.207770347595215,0.04,0.01,100,500
12.221451759338379,0.04,0.01,100,500
12.239469528198242,0.04,0.01,100,500
12.262825012207031,0.04,0.01,100,500
12.282750129699707,0.04,0.01,100,500
12.313885688781738,0.04,0.01,100,500
12.333990097045898,0.04,0.01,100,500
12.35014820098877,0.04,0.01,100,500
12.365432739257812,0.04,0.01,100,500
12.383672714233398,0.04,0.01,100,500
12.40347671508789,0.04,0.01,100,500
12.428936004638672,0.04,0.01,100,500
12.44737720489502,0.04,0.01,100,500
12.471887588500977,0.04,0.01,100,500
12.488113403320312,0.04,0.01,100,500
12.509233474731445,0.04,0.01,100,500
12.526040077209473,0.04,0.01,100,500
12.54669189453125,0.04,0.01,100,500
12.568228721618652,0.04,0.01,100,500
12.5922269821167,0.04,0.01,100,500
12.608373641967773,0.04,0.01,100,500
12.62804889678955,0.04,0.01,100,500
12.647777557373047,0.04,0.01,100,500
12.657533645629883,0.04,0.01,100,500
12.675302505493164,0.04,0.01,100,500
12.695443153381348,0.04,0.01,100,500
12.716179847717285,0.04,0.01,100,500
12.745939254760742,0.04,0.01,100,500
12.763184547424316,0.04,0.01,100,500
12.780920028686523,0.04,0.01,100,500
12.792991638183594,0.04,0.01,100,500
12.81886100769043,0.04,0.01,100,500
12.836999893188477,0.04,0.01,100,500
12.858206748962402,0.04,0.01,100,500
12.8739595413208,0.04,0.01,100,500
12.88630485534668,0.04,0.01,100,500
12.901132583618164,0.04,0.01,100,500
3.996936321258545,0.04,0.01,500,500
3.99965500831604,0.04,0.01,500,500
3.996870279312134,0.04,0.01,500,500
3.9987733364105225,0.04,0.01,500,500
4.002997398376465,0.04,0.01,500,500
3.9990670680999756,0.04,0.01,500,500
4.00248384475708,0.04,0.01,500,500
4.004453659057617,0.04,0.01,500,500
4.0077948570251465,0.04,0.01,500,500
4.010003566741943,0.04,0.01,500,500
4.0098161697387695,0.04,0.01,500,500
4.0075883865356445,0.04,0.01,500,500
4.006710052490234,0.04,0.01,500,500
4.006415843963623,0.04,0.01,500,500
4.0103254318237305,0.04,0.01,500,500
4.012734413146973,0.04,0.01,500,500
4.0108489990234375,0.04,0.01,500,500
4.015133857727051,0.04,0.01,500,500
4.016654014587402,0.04,0.01,500,500
4.019027233123779,0.04,0.01,500,500
4.01892614364624,0.04,0.01,500,500
4.017176628112793,0.04,0.01,500,500
4.018100738525391,0.04,0.01,500,500
4.017502307891846,0.04,0.01,500,500
4.023508548736572,0.04,0.01,500,500
4.022307395935059,0.04,0.01,500,500
4.020758152008057,0.04,0.01,500,500
4.0276641845703125,0.04,0.01,500,500
4.027044296264648,0.04,0.01,500,500
4.03196907043457,0.04,0.01,500,500
4.0371832847595215,0.04,0.01,500,500
4.041848182678223,0.04,0.01,500,500
4.039755344390869,0.04,0.01,500,500
4.039571285247803,0.04,0.01,500,500
4.038918972015381,0.04,0.01,500,500
4.041611194610596,0.04,0.01,500,500
4.047511100769043,0.04,0.01,500,500
4.050943851470947,0.04,0.01,500,500
4.04884672164917,0.04,0.01,500,500
4.0457377433776855,0.04,0.01,500,500
4.046841621398926,0.04,0.01,500,500
4.045253276824951,0.04,0.01,500,500
4.0493974685668945,0.04,0.01,500,500
4.050135135650635,0.04,0.01,500,500
4.055973529815674,0.04,0.01,500,500
4.059641361236572,0.04,0.01,500,500
4.065654754638672,0.04,0.01,500,500
4.070195198059082,0.04,0.01,500,500
4.069806098937988,0.04,0.01,500,500
4.0716986656188965,0.04,0.01,500,500
4.079679489135742,0.04,0.01,500,500
4.083633899688721,0.04,0.01,500,500
4.0880866050720215,0.04,0.01,500,500
4.08853816986084,0.04,0.01,500,500
4.091731071472168,0.04,0.01,500,500
4.096610069274902,0.04,0.01,500,500
4.099631309509277,0.04,0.01,500,500
4.103606700897217,0.04,0.01,500,500
4.103729248046875,0.04,0.01,500,500
4.108160018920898,0.04,0.01,500,500
4.109604358673096,0.04,0.01,500,500
4.114266872406006,0.04,0.01,500,500
4.121076583862305,0.04,0.01,500,500
4.1290388107299805,0.04,0.01,500,500
4.131569862365723,0.04,0.01,500,500
4.137848854064941,0.04,0.01,500,500
4.1420722007751465,0.04,0.01,500,500
4.14763069152832,0.04,0.01,500,500
4.149613380432129,0.04,0.01,500,500
4.153727054595947,0.04,0.01,500,500
4.160698413848877,0.04,0.01,500,500
4.161945819854736,0.04,0.01,500,500
4.16628360748291,0.04,0.01,500,500
4.170725345611572,0.04,0.01,500,500
4.1780924797058105,0.04,0.01,500,500
4.183252334594727,0.04,0.01,500,500
4.189004898071289,0.04,0.01,500,500
4.192840099334717,0.04,0.01,500,500
4.1974687576293945,0.04,0.01,500,500
4.203535079956055,0.04,0.01,500,500
4.204401969909668,0.04,0.01,500,500
4.209071159362793,0.04,0.01,500,500
4.213561534881592,0.04,0.01,500,500
4.217702865600586,0.04,0.01,500,500
4.221446990966797,0.04,0.01,500,500
4.227186679840088,0.04,0.01,500,500
4.235604286193848,0.04,0.01,500,500
4.236853122711182,0.04,0.01,500,500
4.237901210784912,0.04,0.01,500,500
4.244794845581055,0.04,0.01,500,500
4.25257682800293,0.04,0.01,500,500
4.255337715148926,0.04,0.01,500,500
4.258734226226807,0.04,0.01,500,500
4.266793727874756,0.04,0.01,500,500
4.272421360015869,0.04,0.01,500,500
4.276750087738037,0.04,0.01,500,500
4.283447742462158,0.04,0.01,500,500
4.28830623626709,0.04,0.01,500,500
4.294928550720215,0.04,0.01,500,500
4.303704261779785,0.04,0.01,500,500
4.307106971740723,0.04,0.01,500,500
4.314905166625977,0.04,0.01,500,500
4.320204734802246,0.04,0.01,500,500
4.325965404510498,0.04,0.01,500,500
4.326981067657471,0.04,0.01,500,500
4.336774826049805,0.04,0.01,500,500
4.340207576751709,0.04,0.01,500,500
4.346980094909668,0.04,0.01,500,500
4.351840972900391,0.04,0.01,500,500
4.359931468963623,0.04,0.01,500,500
4.361896991729736,0.04,0.01,500,500
4.370827674865723,0.04,0.01,500,500
4.377328872680664,0.04,0.01,500,500
4.384147644042969,0.04,0.01,500,500
4.392083644866943,0.04,0.01,500,500
4.398460865020752,0.04,0.01,500,500
4.403438568115234,0.04,0.01,500,500
4.408719539642334,0.04,0.01,500,500
4.416163444519043,0.04,0.01,500,500
4.423789978027344,0.04,0.01,500,500
4.429520606994629,0.04,0.01,500,500
4.436104774475098,0.04,0.01,500,500
4.438565731048584,0.04,0.01,500,500
4.441827774047852,0.04,0.01,500,500
4.450467109680176,0.04,0.01,500,500
4.454232215881348,0.04,0.01,500,500
4.4598774909973145,0.04,0.01,500,500
4.464632511138916,0.04,0.01,500,500
4.470315933227539,0.04,0.01,500,500
4.479946613311768,0.04,0.01,500,500
4.487326145172119,0.04,0.01,500,500
4.494013786315918,0.04,0.01,500,500
4.500622749328613,0.04,0.01,500,500
4.508174419403076,0.04,0.01,500,500
4.513086795806885,0.04,0.01,500,500
4.5199294090271,0.04,0.01,500,500
4.525514125823975,0.04,0.01,500,500
4.529256343841553,0.04,0.01,500,500
4.538079738616943,0.04,0.01,500,500
4.552273750305176,0.04,0.01,500,500
4.5601725578308105,0.04,0.01,500,500
4.569642543792725,0.04,0.01,500,500
4.575458526611328,0.04,0.01,500,500
4.587782382965088,0.04,0.01,500,500
4.598254203796387,0.04,0.01,500,500
4.611764430999756,0.04,0.01,500,500
4.620354652404785,0.04,0.01,500,500
4.630383491516113,0.04,0.01,500,500
4.637362003326416,0.04,0.01,500,500
4.646053314208984,0.04,0.01,500,500
4.651618957519531,0.04,0.01,500,500
4.662729740142822,0.04,0.01,500,500
4.674861907958984,0.04,0.01,500,500
4.6848320960998535,0.04,0.01,500,500
4.695697784423828,0.04,0.01,500,500
4.702702522277832,0.04,0.01,500,500
4.713505268096924,0.04,0.01,500,500
4.717596054077148,0.04,0.01,500,500
4.72212028503418,0.04,0.01,500,500
4.728963851928711,0.04,0.01,500,500
4.741698265075684,0.04,0.01,500,500
4.747957229614258,0.04,0.01,500,500
4.755978584289551,0.04,0.01,500,500
4.764366626739502,0.04,0.01,500,500
4.776737689971924,0.04,0.01,500,500
4.78093957901001,0.04,0.01,500,500
4.787060260772705,0.04,0.01,500,500
4.798154830932617,0.04,0.01,500,500
4.806802749633789,0.04,0.01,500,500
4.815737247467041,0.04,0.01,500,500
4.822085380554199,0.04,0.01,500,500
4.827639579772949,0.04,0.01,500,500
4.834266185760498,0.04,0.01,500,500
4.846994876861572,0.04,0.01,500,500
4.853464126586914,0.04,0.01,500,500
4.860147953033447,0.04,0.01,500,500
4.86618709564209,0.04,0.01,500,500
4.871310234069824,0.04,0.01,500,500
4.880774021148682,0.04,0.01,500,500
4.8941826820373535,0.04,0.01,500,500
4.900059223175049,0.04,0.01,500,500
4.905710220336914,0.04,0.01,500,500
4.91640043258667,0.04,0.01,500,500
4.920126914978027,0.04,0.01,500,500
4.9297285079956055,0.04,0.01,500,500
4.935577392578125,0.04,0.01,500,500
4.941994667053223,0.04,0.01,500,500
4.951180458068848,0.04,0.01,500,500
4.958855628967285,0.04,0.01,500,500
4.96331787109375,0.04,0.01,500,500
4.9724225997924805,0.04,0.01,500,500
4.980368137359619,0.04,0.01,500,500
4.993672847747803,0.04,0.01,500,500
5.005257606506348,0.04,0.01,500,500
5.012814521789551,0.04,0.01,500,500
5.0233025550842285,0.04,0.01,500,500
5.030826568603516,0.04,0.01,500,500
5.038599014282227,0.04,0.01,500,500
5.046448230743408,0.04,0.01,500,500
5.057969570159912,0.04,0.01,500,500
5.068979263305664,0.04,0.01,500,500
5.076000213623047,0.04,0.01,500,500
5.087554931640625,0.04,0.01,500,500
5.09651517868042,0.04,0.01,500,500
5.108134746551514,0.04,0.01,500,500
5.120553970336914,0.04,0.01,500,500
5.12994909286499,0.04,0.01,500,500
5.145138740539551,0.04,0.01,500,500
5.157533168792725,0.04,0.01,500,500
5.1639556884765625,0.04,0.01,500,500
5.175212860107422,0.04,0.01,500,500
5.18866491317749,0.04,0.01,500,500
5.197677135467529,0.04,0.01,500,500
5.205503463745117,0.04,0.01,500,500
5.214603424072266,0.04,0.01,500,500
5.220820426940918,0.04,0.01,500,500
5.2301459312438965,0.04,0.01,500,500
5.241461277008057,0.04,0.01,500,500
5.253290176391602,0.04,0.01,500,500
5.263696670532227,0.04,0.01,500,500
5.276116371154785,0.04,0.01,500,500
5.2845139503479,0.04,0.01,500,500
5.291647434234619,0.04,0.01,500,500
5.304430961608887,0.04,0.01,500,500
5.317687511444092,0.04,0.01,500,500
5.323362827301025,0.04,0.01,500,500
5.333255290985107,0.04,0.01,500,500
5.341059684753418,0.04,0.01,500,500
5.349728584289551,0.04,0.01,500,500
5.36214017868042,0.04,0.01,500,500
5.372003078460693,0.04,0.01,500,500
5.378798484802246,0.04,0.01,500,500
5.388155460357666,0.04,0.01,500,500
5.395845413208008,0.04,0.01,500,500
5.403299808502197,0.04,0.01,500,500
5.418336868286133,0.04,0.01,500,500
5.429634094238281,0.04,0.01,500,500
5.439018249511719,0.04,0.01,500,500
5.450425148010254,0.04,0.01,500,500
5.460701942443848,0.04,0.01,500,500
5.470782279968262,0.04,0.01,500,500
5.4793291091918945,0.04,0.01,500,500
5.491129398345947,0.04,0.01,500,500
5.5022406578063965,0.04,0.01,500,500
5.515009880065918,0.04,0.01,500,500
5.533496856689453,0.04,0.01,500,500
5.543474197387695,0.04,0.01,500,500
5.552975654602051,0.04,0.01,500,500
5.563449859619141,0.04,0.01,500,500
5.573024749755859,0.04,0.01,500,500
5.582762241363525,0.04,0.01,500,500
5.597117900848389,0.04,0.01,500,500
5.6081438064575195,0.04,0.01,500,500
5.613844871520996,0.04,0.01,500,500
5.628020763397217,0.04,0.01,500,500
5.633907794952393,0.04,0.01,500,500
5.64466667175293,0.04,0.01,500,500
5.654102802276611,0.04,0.01,500,500
5.664387226104736,0.04,0.01,500,500
5.673401832580566,0.04,0.01,500,500
5.685728073120117,0.04,0.01,500,500
5.698068141937256,0.04,0.01,500,500
5.709173679351807,0.04,0.01,500,500
5.718829154968262,0.04,0.01,500,500
5.729166507720947,0.04,0.01,500,500
5.738836765289307,0.04,0.01,500,500
5.745642185211182,0.04,0.01,500,500
5.7543110847473145,0.04,0.01,500,500
5.767635345458984,0.04,0.01,500,500
5.775270938873291,0.04,0.01,500,500
5.784456253051758,0.04,0.01,500,500
5.790262222290039,0.04,0.01,500,500
5.800388336181641,0.04,0.01,500,500
5.809510231018066,0.04,0.01,500,500
5.816652774810791,0.04,0.01,500,500
5.827375411987305,0.04,0.01,500,500
5.837290287017822,0.04,0.01,500,500
5.848964691162109,0.04,0.01,500,500
5.8578362464904785,0.04,0.01,500,500
5.8697404861450195,0.04,0.01,500,500
5.879670143127441,0.04,0.01,500,500
5.89127254486084,0.04,0.01,500,500
5.896148204803467,0.04,0.01,500,500
5.903421401977539,0.04,0.01,500,500
5.9112677574157715,0.04,0.01,500,500
5.9260711669921875,0.04,0.01,500,500
5.936169147491455,0.04,0.01,500,500
5.944698333740234,0.04,0.01,500,500
5.952431678771973,0.04,0.01,500,500
5.957340717315674,0.04,0.01,500,500
5.963375568389893,0.04,0.01,500,500
5.97019100189209,0.04,0.01,500,500
5.980580806732178,0.04,0.01,500,500
5.989507675170898,0.04,0.01,500,500
5.998210430145264,0.04,0.01,500,500
6.008559226989746,0.04,0.01,500,500
6.01854944229126,0.04,0.01,500,500
6.0287604331970215,0.04,0.01,500,500
6.0407915115356445,0.04,0.01,500,500
6.052949905395508,0.04,0.01,500,500
6.062734127044678,0.04,0.01,500,500
6.072874069213867,0.04,0.01,500,500
6.082184791564941,0.04,0.01,500,500
6.089232444763184,0.04,0.01,500,500
6.099724292755127,0.04,0.01,500,500
6.109009742736816,0.04,0.01,500,500
6.118559837341309,0.04,0.01,500,500
6.128633975982666,0.04,0.01,500,500
6.140481948852539,0.04,0.01,500,500
6.147892475128174,0.04,0.01,500,500
6.1542205810546875,0.04,0.01,500,500
6.163959980010986,0.04,0.01,500,500
6.170473575592041,0.04,0.01,500,500
6.1793694496154785,0.04,0.01,500,500
6.191396236419678,0.04,0.01,500,500
6.201526165008545,0.04,0.01,500,500
6.214139938354492,0.04,0.01,500,500
6.220520496368408,0.04,0.01,500,500
6.229130268096924,0.04,0.01,500,500
6.233644008636475,0.04,0.01,500,500
6.244420051574707,0.04,0.01,500,500
6.25163459777832,0.04,0.01,500,500
6.255087375640869,0.04,0.01,500,500
6.263984680175781,0.04,0.01,500,500
6.270146369934082,0.04,0.01,500,500
6.279544353485107,0.04,0.01,500,500
6.2894415855407715,0.04,0.01,500,500
6.3001251220703125,0.04,0.01,500,500
6.314141273498535,0.04,0.01,500,500
6.320683002471924,0.04,0.01,500,500
6.328200340270996,0.04,0.01,500,500
6.336112022399902,0.04,0.01,500,500
6.344570159912109,0.04,0.01,500,500
6.3548102378845215,0.04,0.01,500,500
6.364934921264648,0.04,0.01,500,500
6.378639221191406,0.04,0.01,500,500
6.394223213195801,0.04,0.01,500,500
6.396378040313721,0.04,0.01,500,500
6.4034199714660645,0.04,0.01,500,500
6.41472053527832,0.04,0.01,500,500
6.423003673553467,0.04,0.01,500,500
6.434311389923096,0.04,0.01,500,500
6.442690849304199,0.04,0.01,500,500
6.448418617248535,0.04,0.01,500,500
6.4592461585998535,0.04,0.01,500,500
6.472102165222168,0.04,0.01,500,500
6.481703281402588,0.04,0.01,500,500
6.486757278442383,0.04,0.01,500,500
6.494525909423828,0.04,0.01,500,500
6.5022196769714355,0.04,0.01,500,500
6.511866569519043,0.04,0.01,500,500
6.523013114929199,0.04,0.01,500,500
6.531536102294922,0.04,0.01,500,500
6.5376667976379395,0.04,0.01,500,500
6.546478271484375,0.04,0.01,500,500
6.5565290451049805,0.04,0.01,500,500
6.568534851074219,0.04,0.01,500,500
6.573488235473633,0.04,0.01,500,500
6.5831427574157715,0.04,0.01,500,500
6.5920610427856445,0.04,0.01,500,500
6.596922874450684,0.04,0.01,500,500
6.604405403137207,0.04,0.01,500,500
6.616099834442139,0.04,0.01,500,500
6.6240386962890625,0.04,0.01,500,500
6.633885383605957,0.04,0.01,500,500
6.6408185958862305,0.04,0.01,500,500
6.645272731781006,0.04,0.01,500,500
6.657435894012451,0.04,0.01,500,500
6.671244144439697,0.04,0.01,500,500
6.682807922363281,0.04,0.01,500,500
6.692422866821289,0.04,0.01,500,500
6.705694675445557,0.04,0.01,500,500
6.7122931480407715,0.04,0.01,500,500
6.720077991485596,0.04,0.01,500,500
6.730823516845703,0.04,0.01,500,500
6.7427568435668945,0.04,0.01,500,500
6.752124786376953,0.04,0.01,500,500
6.765827178955078,0.04,0.01,500,500
6.7768778800964355,0.04,0.01,500,500
6.783021450042725,0.04,0.01,500,500
6.792525291442871,0.04,0.01,500,500
6.807109832763672,0.04,0.01,500,500
6.815042972564697,0.04,0.01,500,500
6.822501182556152,0.04,0.01,500,500
6.828788757324219,0.04,0.01,500,500
6.843193054199219,0.04,0.01,500,500
6.850698947906494,0.04,0.01,500,500
6.859368801116943,0.04,0.01,500,500
6.865606307983398,0.04,0.01,500,500
6.874606609344482,0.04,0.01,500,500
6.883540630340576,0.04,0.01,500,500
6.89312744140625,0.04,0.01,500,500
6.904321193695068,0.04,0.01,500,500
6.910957336425781,0.04,0.01,500,500
6.924205780029297,0.04,0.01,500,500
6.93435525894165,0.04,0.01,500,500
6.941774368286133,0.04,0.01,500,500
6.9534454345703125,0.04,0.01,500,500
6.963293552398682,0.04,0.01,500,500
6.968334674835205,0.04,0.01,500,500
6.977257251739502,0.04,0.01,500,500
6.983876705169678,0.04,0.01,500,500
6.990759372711182,0.04,0.01,500,500
7.0044050216674805,0.04,0.01,500,500
7.0138468742370605,0.04,0.01,500,500
7.021398544311523,0.04,0.01,500,500
7.03085470199585,0.04,0.01,500,500
7.040172576904297,0.04,0.01,500,500
7.047811031341553,0.04,0.01,500,500
7.058022975921631,0.04,0.01,500,500
7.062422752380371,0.04,0.01,500,500
7.073278427124023,0.04,0.01,500,500
7.082921981811523,0.04,0.01,500,500
7.088534355163574,0.04,0.01,500,500
7.097559928894043,0.04,0.01,500,500
7.1032891273498535,0.04,0.01,500,500
7.108397483825684,0.04,0.01,500,500
7.115703582763672,0.04,0.01,500,500
7.127625465393066,0.04,0.01,500,500
7.137061595916748,0.04,0.01,500,500
7.143082618713379,0.04,0.01,500,500
7.150516510009766,0.04,0.01,500,500
7.15664005279541,0.04,0.01,500,500
7.165398120880127,0.04,0.01,500,500
7.177257537841797,0.04,0.01,500,500
7.180521488189697,0.04,0.01,500,500
7.189111232757568,0.04,0.01,500,500
7.197465896606445,0.04,0.01,500,500
7.205495357513428,0.04,0.01,500,500
7.212204456329346,0.04,0.01,500,500
7.218350410461426,0.04,0.01,500,500
7.2247443199157715,0.04,0.01,500,500
7.2328715324401855,0.04,0.01,500,500
7.242760181427002,0.04,0.01,500,500
7.252400875091553,0.04,0.01,500,500
7.260165691375732,0.04,0.01,500,500
7.27347469329834,0.04,0.01,500,500
7.284829139709473,0.04,0.01,500,500
7.293525218963623,0.04,0.01,500,500
7.301951885223389,0.04,0.01,500,500
7.309571743011475,0.04,0.01,500,500
7.31742525100708,0.04,0.01,500,500
7.322280406951904,0.04,0.01,500,500
7.333597183227539,0.04,0.01,500,500
7.3428778648376465,0.04,0.01,500,500
7.351587295532227,0.04,0.01,500,500
7.35704231262207,0.04,0.01,500,500
7.369653701782227,0.04,0.01,500,500
7.38082218170166,0.04,0.01,500,500
7.394349098205566,0.04,0.01,500,500
7.3982157707214355,0.04,0.01,500,500
7.40863561630249,0.04,0.01,500,500
7.4197235107421875,0.04,0.01,500,500
7.425918102264404,0.04,0.01,500,500
7.4372124671936035,0.04,0.01,500,500
7.446057319641113,0.04,0.01,500,500
7.455985069274902,0.04,0.01,500,500
7.462167263031006,0.04,0.01,500,500
7.467617511749268,0.04,0.01,500,500
7.481908321380615,0.04,0.01,500,500
7.491034030914307,0.04,0.01,500,500
7.500448226928711,0.04,0.01,500,500
7.508030891418457,0.04,0.01,500,500
7.519241809844971,0.04,0.01,500,500
7.530018329620361,0.04,0.01,500,500
7.536140441894531,0.04,0.01,500,500
7.542227268218994,0.04,0.01,500,500
7.553140640258789,0.04,0.01,500,500
7.563460826873779,0.04,0.01,500,500
7.573891639709473,0.04,0.01,500,500
7.583406448364258,0.04,0.01,500,500
7.593733310699463,0.04,0.01,500,500
7.602753162384033,0.04,0.01,500,500
7.617255210876465,0.04,0.01,500,500
7.62793493270874,0.04,0.01,500,500
7.6388959884643555,0.04,0.01,500,500
7.647638320922852,0.04,0.01,500,500
7.656420707702637,0.04,0.01,500,500
7.6615095138549805,0.04,0.01,500,500
7.669203281402588,0.04,0.01,500,500
7.678573131561279,0.04,0.01,500,500
7.686539649963379,0.04,0.01,500,500
7.697587013244629,0.04,0.01,500,500
7.70974063873291,0.04,0.01,500,500
7.71915340423584,0.04,0.01,500,500
7.729494571685791,0.04,0.01,500,500
7.736677646636963,0.04,0.01,500,500
7.746561050415039,0.04,0.01,500,500
7.753018856048584,0.04,0.01,500,500
7.7602386474609375,0.04,0.01,500,500
7.766674995422363,0.04,0.01,500,500
7.779292106628418,0.04,0.01,500,500
7.788087844848633,0.04,0.01,500,500
7.7978291511535645,0.04,0.01,500,500
7.806529998779297,0.04,0.01,500,500
7.817234992980957,0.04,0.01,500,500
7.820062160491943,0.04,0.01,500,500
7.8373870849609375,0.04,0.01,500,500
7.842277526855469,0.04,0.01,500,500
7.850554466247559,0.04,0.01,500,500
7.861729145050049,0.04,0.01,500,500
3.999544382095337,0.04,0.01,1000,500
3.9981584548950195,0.04,0.01,1000,500
3.998873710632324,0.04,0.01,1000,500
3.9981603622436523,0.04,0.01,1000,500
3.9975545406341553,0.04,0.01,1000,500
3.9986274242401123,0.04,0.01,1000,500
3.9998011589050293,0.04,0.01,1000,500
3.9993348121643066,0.04,0.01,1000,500
3.9997918605804443,0.04,0.01,1000,500
3.9985063076019287,0.04,0.01,1000,500
3.999612808227539,0.04,0.01,1000,500
4.000202178955078,0.04,0.01,1000,500
3.997743844985962,0.04,0.01,1000,500
3.995366096496582,0.04,0.01,1000,500
3.993464708328247,0.04,0.01,1000,500
3.99186372756958,0.04,0.01,1000,500
3.9922027587890625,0.04,0.01,1000,500
3.9914562702178955,0.04,0.01,1000,500
3.989962100982666,0.04,0.01,1000,500
3.9890828132629395,0.04,0.01,1000,500
3.990055799484253,0.04,0.01,1000,500
3.991720676422119,0.04,0.01,1000,500
3.9905693531036377,0.04,0.01,1000,500
3.990994930267334,0.04,0.01,1000,500
3.989636182785034,0.04,0.01,1000,500
3.988007068634033,0.04,0.01,1000,500
3.9852843284606934,0.04,0.01,1000,500
3.9840188026428223,0.04,0.01,1000,500
3.98432993888855,0.04,0.01,1000,500
3.9869227409362793,0.04,0.01,1000,500
3.987633466720581,0.04,0.01,1000,500
3.9899680614471436,0.04,0.01,1000,500
3.995419502258301,0.04,0.01,1000,500
3.9980263710021973,0.04,0.01,1000,500
3.997054100036621,0.04,0.01,1000,500
4.000117778778076,0.04,0.01,1000,500
4.000147342681885,0.04,0.01,1000,500
3.99969482421875,0.04,0.01,1000,500
4.001098155975342,0.04,0.01,1000,500
4.000749588012695,0.04,0.01,1000,500
4.002971172332764,0.04,0.01,1000,500
4.0055832862854,0.04,0.01,1000,500
4.005533218383789,0.04,0.01,1000,500
4.009217262268066,0.04,0.01,1000,500
4.006821155548096,0.04,0.01,1000,500
4.009304046630859,0.04,0.01,1000,500
4.012845993041992,0.04,0.01,1000,500
4.011796474456787,0.04,0.01,1000,500
4.016505241394043,0.04,0.01,1000,500
4.0177178382873535,0.04,0.01,1000,500
4.019481658935547,0.04,0.01,1000,500
4.017750263214111,0.04,0.01,1000,500
4.019275665283203,0.04,0.01,1000,500
4.0201239585876465,0.04,0.01,1000,500
4.018942356109619,0.04,0.01,1000,500
4.0186381340026855,0.04,0.01,1000,500
4.020638465881348,0.04,0.01,1000,500
4.020441055297852,0.04,0.01,1000,500
4.0219244956970215,0.04,0.01,1000,500
4.021022796630859,0.04,0.01,1000,500
4.022778034210205,0.04,0.01,1000,500
4.022723197937012,0.04,0.01,1000,500
4.025718688964844,0.04,0.01,1000,500
4.030969619750977,0.04,0.01,1000,500
4.033046245574951,0.04,0.01,1000,500
4.0364203453063965,0.04,0.01,1000,500
4.040428638458252,0.04,0.01,1000,500
4.046311855316162,0.04,0.01,1000,500
4.0508832931518555,0.04,0.01,1000,500
4.057515621185303,0.04,0.01,1000,500
4.062262535095215,0.04,0.01,1000,500
4.066242694854736,0.04,0.01,1000,500
4.067122459411621,0.04,0.01,1000,500
4.0734710693359375,0.04,0.01,1000,500
4.078774452209473,0.04,0.01,1000,500
4.080910682678223,0.04,0.01,1000,500
4.082174301147461,0.04,0.01,1000,500
4.086421966552734,0.04,0.01,1000,500
4.087587356567383,0.04,0.01,1000,500
4.092360973358154,0.04,0.01,1000,500
4.09364652633667,0.04,0.01,1000,500
4.099631309509277,0.04,0.01,1000,500
4.105013847351074,0.04,0.01,1000,500
4.1094160079956055,0.04,0.01,1000,500
4.109264850616455,0.04,0.01,1000,500
4.115245342254639,0.04,0.01,1000,500
4.119699954986572,0.04,0.01,1000,500
4.121541500091553,0.04,0.01,1000,500
4.12504243850708,0.04,0.01,1000,500
4.129096031188965,0.04,0.01,1000,500
4.133208751678467,0.04,0.01,1000,500
4.134640216827393,0.04,0.01,1000,500
4.138171672821045,0.04,0.01,1000,500
4.14409065246582,0.04,0.01,1000,500
4.147931098937988,0.04,0.01,1000,500
4.149142265319824,0.04,0.01,1000,500
4.150489330291748,0.04,0.01,1000,500
4.154387474060059,0.04,0.01,1000,500
4.159810543060303,0.04,0.01,1000,500
4.161484718322754,0.04,0.01,1000,500
4.1658101081848145,0.04,0.01,1000,500
4.170398712158203,0.04,0.01,1000,500
4.175785064697266,0.04,0.01,1000,500
4.1822919845581055,0.04,0.01,1000,500
4.18654727935791,0.04,0.01,1000,500
4.192074298858643,0.04,0.01,1000,500
4.194656848907471,0.04,0.01,1000,500
4.199169158935547,0.04,0.01,1000,500
4.203946590423584,0.04,0.01,1000,500
4.2068939208984375,0.04,0.01,1000,500
4.212236404418945,0.04,0.01,1000,500
4.216640949249268,0.04,0.01,1000,500
4.220885276794434,0.04,0.01,1000,500
4.227515697479248,0.04,0.01,1000,500
4.234456539154053,0.04,0.01,1000,500
4.239748954772949,0.04,0.01,1000,500
4.244441986083984,0.04,0.01,1000,500
4.248611927032471,0.04,0.01,1000,500
4.249912261962891,0.04,0.01,1000,500
4.2531609535217285,0.04,0.01,1000,500
4.259443283081055,0.04,0.01,1000,500
4.265933036804199,0.04,0.01,1000,500
4.269937992095947,0.04,0.01,1000,500
4.2771453857421875,0.04,0.01,1000,500
4.282588958740234,0.04,0.01,1000,500
4.286505222320557,0.04,0.01,1000,500
4.291136264801025,0.04,0.01,1000,500
4.294027805328369,0.04,0.01,1000,500
4.299378871917725,0.04,0.01,1000,500
4.3067240715026855,0.04,0.01,1000,500
4.311123371124268,0.04,0.01,1000,500
4.3159871101379395,0.04,0.01,1000,500
4.318766117095947,0.04,0.01,1000,500
4.32742166519165,0.04,0.01,1000,500
4.335010528564453,0.04,0.01,1000,500
4.337038040161133,0.04,0.01,1000,500
4.343161582946777,0.04,0.01,1000,500
4.348511219024658,0.04,0.01,1000,500
4.353037357330322,0.04,0.01,1000,500
4.356204032897949,0.04,0.01,1000,500
4.359914302825928,0.04,0.01,1000,500
4.368152618408203,0.04,0.01,1000,500
4.373466491699219,0.04,0.01,1000,500
4.373632907867432,0.04,0.01,1000,500
4.3812642097473145,0.04,0.01,1000,500
4.387617111206055,0.04,0.01,1000,500
4.39393424987793,0.04,0.01,1000,500
4.397364139556885,0.04,0.01,1000,500
4.407052040100098,0.04,0.01,1000,500
4.410614490509033,0.04,0.01,1000,500
4.416143417358398,0.04,0.01,1000,500
4.425195693969727,0.04,0.01,1000,500
4.427358150482178,0.04,0.01,1000,500
4.4323015213012695,0.04,0.01,1000,500
4.4388957023620605,0.04,0.01,1000,500
4.444328784942627,0.04,0.01,1000,500
4.448757648468018,0.04,0.01,1000,500
4.453341484069824,0.04,0.01,1000,500
4.456925392150879,0.04,0.01,1000,500
4.460933685302734,0.04,0.01,1000,500
4.468807220458984,0.04,0.01,1000,500
4.4753642082214355,0.04,0.01,1000,500
4.480562686920166,0.04,0.01,1000,500
4.488674640655518,0.04,0.01,1000,500
4.492806911468506,0.04,0.01,1000,500
4.499680042266846,0.04,0.01,1000,500
4.5103020668029785,0.04,0.01,1000,500
4.51851749420166,0.04,0.01,1000,500
4.5234375,0.04,0.01,1000,500
4.5310235023498535,0.04,0.01,1000,500
4.537527561187744,0.04,0.01,1000,500
4.545550346374512,0.04,0.01,1000,500
4.552822589874268,0.04,0.01,1000,500
4.559213161468506,0.04,0.01,1000,500
4.56473445892334,0.04,0.01,1000,500
4.5727105140686035,0.04,0.01,1000,500
4.579335689544678,0.04,0.01,1000,500
4.585409164428711,0.04,0.01,1000,500
4.593337535858154,0.04,0.01,1000,500
4.596524238586426,0.04,0.01,1000,500
4.6015119552612305,0.04,0.01,1000,500
4.6078667640686035,0.04,0.01,1000,500
4.613546848297119,0.04,0.01,1000,500
4.621658802032471,0.04,0.01,1000,500
4.629542827606201,0.04,0.01,1000,500
4.635186195373535,0.04,0.01,1000,500
4.641111373901367,0.04,0.01,1000,500
4.647502422332764,0.04,0.01,1000,500
4.653376579284668,0.04,0.01,1000,500
4.658571243286133,0.04,0.01,1000,500
4.662320137023926,0.04,0.01,1000,500
4.669159889221191,0.04,0.01,1000,500
4.677008152008057,0.04,0.01,1000,500
4.678411483764648,0.04,0.01,1000,500
4.685886383056641,0.04,0.01,1000,500
4.693264961242676,0.04,0.01,1000,500
4.700040340423584,0.04,0.01,1000,500
4.703622817993164,0.04,0.01,1000,500
4.710059642791748,0.04,0.01,1000,500
4.713237285614014,0.04,0.01,1000,500
4.721734046936035,0.04,0.01,1000,500
4.726280689239502,0.04,0.01,1000,500
4.729691982269287,0.04,0.01,1000,500
4.7385640144348145,0.04,0.01,1000,500
4.744675159454346,0.04,0.01,1000,500
4.753384590148926,0.04,0.01,1000,500
4.763651371002197,0.04,0.01,1000,500
4.77059268951416,0.04,0.01,1000,500
4.775641918182373,0.04,0.01,1000,500
4.78154993057251,0.04,0.01,1000,500
4.78859281539917,0.04,0.01,1000,500
4.796800136566162,0.04,0.01,1000,500
4.803496360778809,0.04,0.01,1000,500
4.809431076049805,0.04,0.01,1000,500
4.8138532638549805,0.04,0.01,1000,500
4.8209004402160645,0.04,0.01,1000,500
4.824009895324707,0.04,0.01,1000,500
4.832363605499268,0.04,0.01,1000,500
4.839339256286621,0.04,0.01,1000,500
4.845095157623291,0.04,0.01,1000,500
4.850953102111816,0.04,0.01,1000,500
4.854630470275879,0.04,0.01,1000,500
4.861230373382568,0.04,0.01,1000,500
4.865813732147217,0.04,0.01,1000,500
4.874571323394775,0.04,0.01,1000,500
4.88316011428833,0.04,0.01,1000,500
4.891723155975342,0.04,0.01,1000,500
4.900801181793213,0.04,0.01,1000,500
4.908380508422852,0.04,0.01,1000,500
4.9191083908081055,0.04,0.01,1000,500
4.928868293762207,0.04,0.01,1000,500
4.933701992034912,0.04,0.01,1000,500
4.939618110656738,0.04,0.01,1000,500
4.946845531463623,0.04,0.01,1000,500
4.954824447631836,0.04,0.01,1000,500
4.961724758148193,0.04,0.01,1000,500
4.969483852386475,0.04,0.01,1000,500
4.977268695831299,0.04,0.01,1000,500
4.984631538391113,0.04,0.01,1000,500
4.987599849700928,0.04,0.01,1000,500
4.992417812347412,0.04,0.01,1000,500
4.999888896942139,0.04,0.01,1000,500
5.007152557373047,0.04,0.01,1000,500
5.012186050415039,0.04,0.01,1000,500
5.017742156982422,0.04,0.01,1000,500
5.0211896896362305,0.04,0.01,1000,500
5.0290727615356445,0.04,0.01,1000,500
5.035806179046631,0.04,0.01,1000,500
5.0413432121276855,0.04,0.01,1000,500
5.045566082000732,0.04,0.01,1000,500
5.050055027008057,0.04,0.01,1000,500
5.057199001312256,0.04,0.01,1000,500
5.062132835388184,0.04,0.01,1000,500
5.0715742111206055,0.04,0.01,1000,500
5.073829174041748,0.04,0.01,1000,500
5.07828426361084,0.04,0.01,1000,500
5.082563877105713,0.04,0.01,1000,500
5.088140964508057,0.04,0.01,1000,500
5.094295978546143,0.04,0.01,1000,500
5.102028846740723,0.04,0.01,1000,500
5.110388278961182,0.04,0.01,1000,500
5.1180901527404785,0.04,0.01,1000,500
5.12540864944458,0.04,0.01,1000,500
5.133615970611572,0.04,0.01,1000,500
5.138794422149658,0.04,0.01,1000,500
5.1461286544799805,0.04,0.01,1000,500
5.153115749359131,0.04,0.01,1000,500
5.159363269805908,0.04,0.01,1000,500
5.16683292388916,0.04,0.01,1000,500
5.1711602210998535,0.04,0.01,1000,500
5.179095268249512,0.04,0.01,1000,500
5.187070369720459,0.04,0.01,1000,500
5.19050931930542,0.04,0.01,1000,500
5.199178218841553,0.04,0.01,1000,500
5.205578804016113,0.04,0.01,1000,500
5.205991268157959,0.04,0.01,1000,500
5.214178085327148,0.04,0.01,1000,500
5.220090866088867,0.04,0.01,1000,500
5.225724697113037,0.04,0.01,1000,500
5.230977535247803,0.04,0.01,1000,500
5.237532615661621,0.04,0.01,1000,500
5.246496200561523,0.04,0.01,1000,500
5.251278400421143,0.04,0.01,1000,500
5.255468845367432,0.04,0.01,1000,500
5.261044979095459,0.04,0.01,1000,500
5.265205383300781,0.04,0.01,1000,500
5.271122455596924,0.04,0.01,1000,500
5.2761335372924805,0.04,0.01,1000,500
5.2824249267578125,0.04,0.01,1000,500
5.2890849113464355,0.04,0.01,1000,500
5.294463634490967,0.04,0.01,1000,500
5.301653861999512,0.04,0.01,1000,500
5.305424690246582,0.04,0.01,1000,500
5.315025806427002,0.04,0.01,1000,500
5.321805000305176,0.04,0.01,1000,500
5.3305888175964355,0.04,0.01,1000,500
5.337265491485596,0.04,0.01,1000,500
5.341198921203613,0.04,0.01,1000,500
5.34345817565918,0.04,0.01,1000,500
5.3478779792785645,0.04,0.01,1000,500
5.353177070617676,0.04,0.01,1000,500
5.355152606964111,0.04,0.01,1000,500
5.36147928237915,0.04,0.01,1000,500
5.370351314544678,0.04,0.01,1000,500
5.377493381500244,0.04,0.01,1000,500
5.3807783126831055,0.04,0.01,1000,500
5.387519359588623,0.04,0.01,1000,500
5.394869804382324,0.04,0.01,1000,500
5.400915145874023,0.04,0.01,1000,500
5.40716028213501,0.04,0.01,1000,500
5.412822723388672,0.04,0.01,1000,500
5.421158790588379,0.04,0.01,1000,500
5.425176620483398,0.04,0.01,1000,500
5.431393146514893,0.04,0.01,1000,500
5.4379987716674805,0.04,0.01,1000,500
5.445572376251221,0.04,0.01,1000,500
5.453960418701172,0.04,0.01,1000,500
5.461291313171387,0.04,0.01,1000,500
5.467723846435547,0.04,0.01,1000,500
5.474455833435059,0.04,0.01,1000,500
5.480445861816406,0.04,0.01,1000,500
5.48825216293335,0.04,0.01,1000,500
5.494506359100342,0.04,0.01,1000,500
5.502774238586426,0.04,0.01,1000,500
5.512161731719971,0.04,0.01,1000,500
5.517116546630859,0.04,0.01,1000,500
5.522498607635498,0.04,0.01,1000,500
5.5294270515441895,0.04,0.01,1000,500
5.5347795486450195,0.04,0.01,1000,500
5.542543411254883,0.04,0.01,1000,500
5.5501813888549805,0.04,0.01,1000,500
5.5568928718566895,0.04,0.01,1000,500
5.5654778480529785,0.04,0.01,1000,500
5.571450233459473,0.04,0.01,1000,500
5.579991340637207,0.04,0.01,1000,500
5.587222099304199,0.04,0.01,1000,500
5.594483375549316,0.04,0.01,1000,500
5.601952075958252,0.04,0.01,1000,500
5.608340740203857,0.04,0.01,1000,500
5.6132025718688965,0.04,0.01,1000,500
5.620997905731201,0.04,0.01,1000,500
5.625102519989014,0.04,0.01,1000,500
5.635335445404053,0.04,0.01,1000,500
5.639491558074951,0.04,0.01,1000,500
5.647613525390625,0.04,0.01,1000,500
5.656940460205078,0.04,0.01,1000,500
5.665726184844971,0.04,0.01,1000,500
5.671036720275879,0.04,0.01,1000,500
5.67674446105957,0.04,0.01,1000,500
5.682737350463867,0.04,0.01,1000,500
5.692583084106445,0.04,0.01,1000,500
5.700798034667969,0.04,0.01,1000,500
5.705761909484863,0.04,0.01,1000,500
5.714363098144531,0.04,0.01,1000,500
5.721848011016846,0.04,0.01,1000,500
5.728623867034912,0.04,0.01,1000,500
5.7364630699157715,0.04,0.01,1000,500
5.741942882537842,0.04,0.01,1000,500
5.748350143432617,0.04,0.01,1000,500
5.755326747894287,0.04,0.01,1000,500
5.765489101409912,0.04,0.01,1000,500
5.772535800933838,0.04,0.01,1000,500
5.779163360595703,0.04,0.01,1000,500
5.786350727081299,0.04,0.01,1000,500
5.794676303863525,0.04,0.01,1000,500
5.799806594848633,0.04,0.01,1000,500
5.806373596191406,0.04,0.01,1000,500
5.81326150894165,0.04,0.01,1000,500
5.822442531585693,0.04,0.01,1000,500
5.830524444580078,0.04,0.01,1000,500
5.8390021324157715,0.04,0.01,1000,500
5.846418857574463,0.04,0.01,1000,500
5.852241039276123,0.04,0.01,1000,500
5.86161470413208,0.04,0.01,1000,500
5.867588043212891,0.04,0.01,1000,500
5.87778902053833,0.04,0.01,1000,500
5.8828535079956055,0.04,0.01,1000,500
5.889308452606201,0.04,0.01,1000,500
5.899092197418213,0.04,0.01,1000,500
5.905596733093262,0.04,0.01,1000,500
5.913996696472168,0.04,0.01,1000,500
5.924668788909912,0.04,0.01,1000,500
5.93394136428833,0.04,0.01,1000,500
5.939961910247803,0.04,0.01,1000,500
5.9467573165893555,0.04,0.01,1000,500
5.956694602966309,0.04,0.01,1000,500
5.961192607879639,0.04,0.01,1000,500
5.966619491577148,0.04,0.01,1000,500
5.973209381103516,0.04,0.01,1000,500
5.978086471557617,0.04,0.01,1000,500
5.983610153198242,0.04,0.01,1000,500
5.9896440505981445,0.04,0.01,1000,500
5.995611190795898,0.04,0.01,1000,500
6.000641822814941,0.04,0.01,1000,500
6.004444599151611,0.04,0.01,1000,500
6.011367321014404,0.04,0.01,1000,500
6.017790794372559,0.04,0.01,1000,500
6.027717113494873,0.04,0.01,1000,500
6.034499645233154,0.04,0.01,1000,500
6.040751934051514,0.04,0.01,1000,500
6.046764373779297,0.04,0.01,1000,500
6.0545501708984375,0.04,0.01,1000,500
6.061805248260498,0.04,0.01,1000,500
6.065555095672607,0.04,0.01,1000,500
6.073244571685791,0.04,0.01,1000,500
6.078706741333008,0.04,0.01,1000,500
6.0881123542785645,0.04,0.01,1000,500
6.097847938537598,0.04,0.01,1000,500
6.1039204597473145,0.04,0.01,1000,500
6.114622116088867,0.04,0.01,1000,500
6.120325565338135,0.04,0.01,1000,500
6.124451637268066,0.04,0.01,1000,500
6.1302924156188965,0.04,0.01,1000,500
6.135037422180176,0.04,0.01,1000,500
6.1430583000183105,0.04,0.01,1000,500
6.150186061859131,0.04,0.01,1000,500
6.159770488739014,0.04,0.01,1000,500
6.165639400482178,0.04,0.01,1000,500
6.174405097961426,0.04,0.01,1000,500
6.183330059051514,0.04,0.01,1000,500
6.187485218048096,0.04,0.01,1000,500
6.193247318267822,0.04,0.01,1000,500
6.201959609985352,0.04,0.01,1000,500
6.206823825836182,0.04,0.01,1000,500
6.215245723724365,0.04,0.01,1000,500
6.221845626831055,0.04,0.01,1000,500
6.228878974914551,0.04,0.01,1000,500
6.23400354385376,0.04,0.01,1000,500
6.240225791931152,0.04,0.01,1000,500
6.247535705566406,0.04,0.01,1000,500
6.253766059875488,0.04,0.01,1000,500
6.261751174926758,0.04,0.01,1000,500
6.267215251922607,0.04,0.01,1000,500
6.271577835083008,0.04,0.01,1000,500
6.276422500610352,0.04,0.01,1000,500
6.286134243011475,0.04,0.01,1000,500
6.293004512786865,0.04,0.01,1000,500
6.298598766326904,0.04,0.01,1000,500
6.302319526672363,0.04,0.01,1000,500
6.3090949058532715,0.04,0.01,1000,500
6.31528902053833,0.04,0.01,1000,500
6.322007656097412,0.04,0.01,1000,500
6.328493118286133,0.04,0.01,1000,500
6.334742546081543,0.04,0.01,1000,500
6.343973636627197,0.04,0.01,1000,500
6.352014064788818,0.04,0.01,1000,500
6.3601274490356445,0.04,0.01,1000,500
6.3654327392578125,0.04,0.01,1000,500
6.369643211364746,0.04,0.01,1000,500
6.37606954574585,0.04,0.01,1000,500
6.3834943771362305,0.04,0.01,1000,500
6.388361930847168,0.04,0.01,1000,500
6.3919219970703125,0.04,0.01,1000,500
6.395535469055176,0.04,0.01,1000,500
6.403414249420166,0.04,0.01,1000,500
6.406606674194336,0.04,0.01,1000,500
6.415450096130371,0.04,0.01,1000,500
6.420518398284912,0.04,0.01,1000,500
6.4270830154418945,0.04,0.01,1000,500
6.433366298675537,0.04,0.01,1000,500
6.440694808959961,0.04,0.01,1000,500
6.446280479431152,0.04,0.01,1000,500
6.45279598236084,0.04,0.01,1000,500
6.460556507110596,0.04,0.01,1000,500
6.466958999633789,0.04,0.01,1000,500
6.472881317138672,0.04,0.01,1000,500
6.479055881500244,0.04,0.01,1000,500
6.487652778625488,0.04,0.01,1000,500
6.493561267852783,0.04,0.01,1000,500
6.498514175415039,0.04,0.01,1000,500
6.503258228302002,0.04,0.01,1000,500
6.5107951164245605,0.04,0.01,1000,500
6.515293121337891,0.04,0.01,1000,500
6.522735595703125,0.04,0.01,1000,500
6.526604652404785,0.04,0.01,1000,500
6.534849166870117,0.04,0.01,1000,500
6.539365291595459,0.04,0.01,1000,500
6.5461835861206055,0.04,0.01,1000,500
6.550215721130371,0.04,0.01,1000,500
6.555875301361084,0.04,0.01,1000,500
6.56210994720459,0.04,0.01,1000,500
6.568346977233887,0.04,0.01,1000,500
6.577437400817871,0.04,0.01,1000,500
6.584776401519775,0.04,0.01,1000,500
6.591203212738037,0.04,0.01,1000,500
6.598267078399658,0.04,0.01,1000,500
6.603792190551758,0.04,0.01,1000,500
6.609213829040527,0.04,0.01,1000,500
6.610948085784912,0.04,0.01,1000,500
6.617559432983398,0.04,0.01,1000,500
6.623707294464111,0.04,0.01,1000,500
6.633749008178711,0.04,0.01,1000,500
6.640913009643555,0.04,0.01,1000,500
6.645551681518555,0.04,0.01,1000,500
6.6518683433532715,0.04,0.01,1000,500
6.65362548828125,0.04,0.01,1000,500
6.661672115325928,0.04,0.01,1000,500
6.671586036682129,0.04,0.01,1000,500
6.680900573730469,0.04,0.01,1000,500
6.689222812652588,0.04,0.01,1000,500
6.697904586791992,0.04,0.01,1000,500
3.999403715133667,0.04,0.01,2500,500
4.000185489654541,0.04,0.01,2500,500
4.000682353973389,0.04,0.01,2500,500
4.001910209655762,0.04,0.01,2500,500
4.001291751861572,0.04,0.01,2500,500
4.00139045715332,0.04,0.01,2500,500
3.998945474624634,0.04,0.01,2500,500
4.000689506530762,0.04,0.01,2500,500
3.999384641647339,0.04,0.01,2500,500
3.99989652633667,0.04,0.01,2500,500
4.001101970672607,0.04,0.01,2500,500
4.001595973968506,0.04,0.01,2500,500
4.003628253936768,0.04,0.01,2500,500
4.002617359161377,0.04,0.01,2500,500
4.002579689025879,0.04,0.01,2500,500
4.002098560333252,0.04,0.01,2500,500
4.001389980316162,0.04,0.01,2500,500
4.001550197601318,0.04,0.01,2500,500
4.000290393829346,0.04,0.01,2500,500
4.002609729766846,0.04,0.01,2500,500
4.001469612121582,0.04,0.01,2500,500
4.00281286239624,0.04,0.01,2500,500
4.0034332275390625,0.04,0.01,2500,500
4.004652500152588,0.04,0.01,2500,500
4.006759166717529,0.04,0.01,2500,500
4.0087890625,0.04,0.01,2500,500
4.009328365325928,0.04,0.01,2500,500
4.010897159576416,0.04,0.01,2500,500
4.012221336364746,0.04,0.01,2500,500
4.0137152671813965,0.04,0.01,2500,500
4.0125041007995605,0.04,0.01,2500,500
4.011896133422852,0.04,0.01,2500,500
4.012563228607178,0.04,0.01,2500,500
4.0162787437438965,0.04,0.01,2500,500
4.016380786895752,0.04,0.01,2500,500
4.015711307525635,0.04,0.01,2500,500
4.018027305603027,0.04,0.01,2500,500
4.017399787902832,0.04,0.01,2500,500
4.017806529998779,0.04,0.01,2500,500
4.017815589904785,0.04,0.01,2500,500
4.0204291343688965,0.04,0.01,2500,500
4.019433498382568,0.04,0.01,2500,500
4.020091533660889,0.04,0.01,2500,500
4.022454738616943,0.04,0.01,2500,500
4.022406101226807,0.04,0.01,2500,500
4.021031856536865,0.04,0.01,2500,500
4.02138090133667,0.04,0.01,2500,500
4.021276473999023,0.04,0.01,2500,500
4.022554397583008,0.04,0.01,2500,500
4.022551536560059,0.04,0.01,2500,500
4.024714469909668,0.04,0.01,2500,500
4.02528190612793,0.04,0.01,2500,500
4.026458263397217,0.04,0.01,2500,500
4.027802467346191,0.04,0.01,2500,500
4.027157783508301,0.04,0.01,2500,500
4.027390956878662,0.04,0.01,2500,500
4.028406620025635,0.04,0.01,2500,500
4.028875827789307,0.04,0.01,2500,500
4.028294086456299,0.04,0.01,2500,500
4.028199672698975,0.04,0.01,2500,500
4.0287346839904785,0.04,0.01,2500,500
4.027554512023926,0.04,0.01,2500,500
4.028087615966797,0.04,0.01,2500,500
4.0296244621276855,0.04,0.01,2500,500
4.030386924743652,0.04,0.01,2500,500
4.031870365142822,0.04,0.01,2500,500
4.033094882965088,0.04,0.01,2500,500
4.033536911010742,0.04,0.01,2500,500
4.033854961395264,0.04,0.01,2500,500
4.034717559814453,0.04,0.01,2500,500
4.034182548522949,0.04,0.01,2500,500
4.03403902053833,0.04,0.01,2500,500
4.03623628616333,0.04,0.01,2500,500
4.038172721862793,0.04,0.01,2500,500
4.039047718048096,0.04,0.01,2500,500
4.039426803588867,0.04,0.01,2500,500
4.037965297698975,0.04,0.01,2500,500
4.0399699211120605,0.04,0.01,2500,500
4.040946960449219,0.04,0.01,2500,500
4.041528701782227,0.04,0.01,2500,500
4.044179916381836,0.04,0.01,2500,500
4.044439315795898,0.04,0.01,2500,500
4.0452752113342285,0.04,0.01,2500,500
4.046671390533447,0.04,0.01,2500,500
4.047770023345947,0.04,0.01,2500,500
4.049997806549072,0.04,0.01,2500,500
4.049962520599365,0.04,0.01,2500,500
4.052454948425293,0.04,0.01,2500,500
4.056310653686523,0.04,0.01,2500,500
4.057335376739502,0.04,0.01,2500,500
4.06229305267334,0.04,0.01,2500,500
4.067662715911865,0.04,0.01,2500,500
4.0707807540893555,0.04,0.01,2500,500
4.0718092918396,0.04,0.01,2500,500
4.076053619384766,0.04,0.01,2500,500
4.077971935272217,0.04,0.01,2500,500
4.07832145690918,0.04,0.01,2500,500
4.083357810974121,0.04,0.01,2500,500
4.0852370262146,0.04,0.01,2500,500
4.088439464569092,0.04,0.01,2500,500
4.093097686767578,0.04,0.01,2500,500
4.094117164611816,0.04,0.01,2500,500
4.093699932098389,0.04,0.01,2500,500
4.095624923706055,0.04,0.01,2500,500
4.098357677459717,0.04,0.01,2500,500
4.0993428230285645,0.04,0.01,2500,500
4.101950645446777,0.04,0.01,2500,500
4.101719379425049,0.04,0.01,2500,500
4.102860450744629,0.04,0.01,2500,500
4.104168891906738,0.04,0.01,2500,500
4.107189178466797,0.04,0.01,2500,500
4.108163833618164,0.04,0.01,2500,500
4.108810901641846,0.04,0.01,2500,500
4.111860275268555,0.04,0.01,2500,500
4.114457130432129,0.04,0.01,2500,500
4.116836071014404,0.04,0.01,2500,500
4.120683670043945,0.04,0.01,2500,500
4.122267246246338,0.04,0.01,2500,500
4.1237688064575195,0.04,0.01,2500,500
4.125921726226807,0.04,0.01,2500,500
4.127856254577637,0.04,0.01,2500,500
4.131081581115723,0.04,0.01,2500,500
4.134325981140137,0.04,0.01,2500,500
4.138370990753174,0.04,0.01,2500,500
4.141290664672852,0.04,0.01,2500,500
4.14156436920166,0.04,0.01,2500,500
4.142238616943359,0.04,0.01,2500,500
4.1454033851623535,0.04,0.01,2500,500
4.146854400634766,0.04,0.01,2500,500
4.150096893310547,0.04,0.01,2500,500
4.151694297790527,0.04,0.01,2500,500
4.1523003578186035,0.04,0.01,2500,500
4.155313491821289,0.04,0.01,2500,500
4.157520771026611,0.04,0.01,2500,500
4.161760330200195,0.04,0.01,2500,500
4.164719104766846,0.04,0.01,2500,500
4.1684393882751465,0.04,0.01,2500,500
4.171175956726074,0.04,0.01,2500,500
4.174671649932861,0.04,0.01,2500,500
4.1773834228515625,0.04,0.01,2500,500
4.18082332611084,0.04,0.01,2500,500
4.182983875274658,0.04,0.01,2500,500
4.184745788574219,0.04,0.01,2500,500
4.187247276306152,0.04,0.01,2500,500
4.191830158233643,0.04,0.01,2500,500
4.193755149841309,0.04,0.01,2500,500
4.198330402374268,0.04,0.01,2500,500
4.203298091888428,0.04,0.01,2500,500
4.204928874969482,0.04,0.01,2500,500
4.20690393447876,0.04,0.01,2500,500
4.208731651306152,0.04,0.01,2500,500
4.211129188537598,0.04,0.01,2500,500
4.214906215667725,0.04,0.01,2500,500
4.214437961578369,0.04,0.01,2500,500
4.218436241149902,0.04,0.01,2500,500
4.221006870269775,0.04,0.01,2500,500
4.224278450012207,0.04,0.01,2500,500
4.225754261016846,0.04,0.01,2500,500
4.226635932922363,0.04,0.01,2500,500
4.22839879989624,0.04,0.01,2500,500
4.229455947875977,0.04,0.01,2500,500
4.231422424316406,0.04,0.01,2500,500
4.237540245056152,0.04,0.01,2500,500
4.243385314941406,0.04,0.01,2500,500
4.245988845825195,0.04,0.01,2500,500
4.248044013977051,0.04,0.01,2500,500
4.2513041496276855,0.04,0.01,2500,500
4.253790378570557,0.04,0.01,2500,500
4.257120132446289,0.04,0.01,2500,500
4.261688709259033,0.04,0.01,2500,500
4.263587474822998,0.04,0.01,2500,500
4.265212059020996,0.04,0.01,2500,500
4.268551349639893,0.04,0.01,2500,500
4.272332191467285,0.04,0.01,2500,500
4.275505542755127,0.04,0.01,2500,500
4.276919841766357,0.04,0.01,2500,500
4.278398513793945,0.04,0.01,2500,500
4.281179904937744,0.04,0.01,2500,500
4.283827304840088,0.04,0.01,2500,500
4.289465427398682,0.04,0.01,2500,500
4.2925124168396,0.04,0.01,2500,500
4.294097900390625,0.04,0.01,2500,500
4.297806739807129,0.04,0.01,2500,500
4.300721168518066,0.04,0.01,2500,500
4.306434631347656,0.04,0.01,2500,500
4.3098015785217285,0.04,0.01,2500,500
4.312180519104004,0.04,0.01,2500,500
4.315876007080078,0.04,0.01,2500,500
4.318967819213867,0.04,0.01,2500,500
4.320980072021484,0.04,0.01,2500,500
4.326037406921387,0.04,0.01,2500,500
4.330078125,0.04,0.01,2500,500
4.334813594818115,0.04,0.01,2500,500
4.336568355560303,0.04,0.01,2500,500
4.34204626083374,0.04,0.01,2500,500
4.342742443084717,0.04,0.01,2500,500
4.346337795257568,0.04,0.01,2500,500
4.350366115570068,0.04,0.01,2500,500
4.352048873901367,0.04,0.01,2500,500
4.353993892669678,0.04,0.01,2500,500
4.356809139251709,0.04,0.01,2500,500
4.361971378326416,0.04,0.01,2500,500
4.366646766662598,0.04,0.01,2500,500
4.371249675750732,0.04,0.01,2500,500
4.375947952270508,0.04,0.01,2500,500
4.3775634765625,0.04,0.01,2500,500
4.382040977478027,0.04,0.01,2500,500
4.384652614593506,0.04,0.01,2500,500
4.3874688148498535,0.04,0.01,2500,500
4.3883795738220215,0.04,0.01,2500,500
4.3908772468566895,0.04,0.01,2500,500
4.393870830535889,0.04,0.01,2500,500
4.398536205291748,0.04,0.01,2500,500
4.40202522277832,0.04,0.01,2500,500
4.4052910804748535,0.04,0.01,2500,500
4.408827304840088,0.04,0.01,2500,500
4.412502288818359,0.04,0.01,2500,500
4.41657829284668,0.04,0.01,2500,500
4.422030448913574,0.04,0.01,2500,500
4.426563739776611,0.04,0.01,2500,500
4.430724143981934,0.04,0.01,2500,500
4.4333672523498535,0.04,0.01,2500,500
4.437717437744141,0.04,0.01,2500,500
4.438456058502197,0.04,0.01,2500,500
4.443002700805664,0.04,0.01,2500,500
4.4450578689575195,0.04,0.01,2500,500
4.450502395629883,0.04,0.01,2500,500
4.45617151260376,0.04,0.01,2500,500
4.459658622741699,0.04,0.01,2500,500
4.462182998657227,0.04,0.01,2500,500
4.466871738433838,0.04,0.01,2500,500
4.472649574279785,0.04,0.01,2500,500
4.476097583770752,0.04,0.01,2500,500
4.480197906494141,0.04,0.01,2500,500
4.481854438781738,0.04,0.01,2500,500
4.484629154205322,0.04,0.01,2500,500
4.489716053009033,0.04,0.01,2500,500
4.491783142089844,0.04,0.01,2500,500
4.499370574951172,0.04,0.01,2500,500
4.503360271453857,0.04,0.01,2500,500
4.507150173187256,0.04,0.01,2500,500
4.510487079620361,0.04,0.01,2500,500
4.514584541320801,0.04,0.01,2500,500
4.517794132232666,0.04,0.01,2500,500
4.521282196044922,0.04,0.01,2500,500
4.5253753662109375,0.04,0.01,2500,500
4.527888774871826,0.04,0.01,2500,500
4.5297322273254395,0.04,0.01,2500,500
4.532658100128174,0.04,0.01,2500,500
4.535564422607422,0.04,0.01,2500,500
4.540441513061523,0.04,0.01,2500,500
4.545660495758057,0.04,0.01,2500,500
4.55173921585083,0.04,0.01,2500,500
4.555542945861816,0.04,0.01,2500,500
4.560971736907959,0.04,0.01,2500,500
4.563625812530518,0.04,0.01,2500,500
4.56620979309082,0.04,0.01,2500,500
4.569425582885742,0.04,0.01,2500,500
4.5744709968566895,0.04,0.01,2500,500
4.578134536743164,0.04,0.01,2500,500
4.582218647003174,0.04,0.01,2500,500
4.584887504577637,0.04,0.01,2500,500
4.588243007659912,0.04,0.01,2500,500
4.593433856964111,0.04,0.01,2500,500
4.597458362579346,0.04,0.01,2500,500
4.601876258850098,0.04,0.01,2500,500
4.606568813323975,0.04,0.01,2500,500
4.61079216003418,0.04,0.01,2500,500
4.6145219802856445,0.04,0.01,2500,500
4.617305755615234,0.04,0.01,2500,500
4.620931148529053,0.04,0.01,2500,500
4.625199794769287,0.04,0.01,2500,500
4.627326488494873,0.04,0.01,2500,500
4.631553649902344,0.04,0.01,2500,500
4.637122631072998,0.04,0.01,2500,500
4.6422576904296875,0.04,0.01,2500,500
4.647228240966797,0.04,0.01,2500,500
4.653268337249756,0.04,0.01,2500,500
4.6559529304504395,0.04,0.01,2500,500
4.659605979919434,0.04,0.01,2500,500
4.664487838745117,0.04,0.01,2500,500
4.667538166046143,0.04,0.01,2500,500
4.6711320877075195,0.04,0.01,2500,500
4.674410820007324,0.04,0.01,2500,500
4.679354190826416,0.04,0.01,2500,500
4.684621334075928,0.04,0.01,2500,500
4.688284397125244,0.04,0.01,2500,500
4.693313121795654,0.04,0.01,2500,500
4.6978373527526855,0.04,0.01,2500,500
4.702721118927002,0.04,0.01,2500,500
4.70559024810791,0.04,0.01,2500,500
4.708427429199219,0.04,0.01,2500,500
4.710517883300781,0.04,0.01,2500,500
4.715236663818359,0.04,0.01,2500,500
4.719020843505859,0.04,0.01,2500,500
4.721853256225586,0.04,0.01,2500,500
4.7255964279174805,0.04,0.01,2500,500
4.728884696960449,0.04,0.01,2500,500
4.733136177062988,0.04,0.01,2500,500
4.737538814544678,0.04,0.01,2500,500
4.742614269256592,0.04,0.01,2500,500
4.744390964508057,0.04,0.01,2500,500
4.749736309051514,0.04,0.01,2500,500
4.75544548034668,0.04,0.01,2500,500
4.758906364440918,0.04,0.01,2500,500
4.762943744659424,0.04,0.01,2500,500
4.766587257385254,0.04,0.01,2500,500
4.770138740539551,0.04,0.01,2500,500
4.77557897567749,0.04,0.01,2500,500
4.781998157501221,0.04,0.01,2500,500
4.786975383758545,0.04,0.01,2500,500
4.790833473205566,0.04,0.01,2500,500
4.793710708618164,0.04,0.01,2500,500
4.797321319580078,0.04,0.01,2500,500
4.8007307052612305,0.04,0.01,2500,500
4.803474426269531,0.04,0.01,2500,500
4.806210517883301,0.04,0.01,2500,500
4.810099124908447,0.04,0.01,2500,500
4.813370704650879,0.04,0.01,2500,500
4.81602144241333,0.04,0.01,2500,500
4.818583965301514,0.04,0.01,2500,500
4.822235107421875,0.04,0.01,2500,500
4.824925899505615,0.04,0.01,2500,500
4.828061103820801,0.04,0.01,2500,500
4.830767631530762,0.04,0.01,2500,500
4.8348469734191895,0.04,0.01,2500,500
4.8380537033081055,0.04,0.01,2500,500
4.842308044433594,0.04,0.01,2500,500
4.845022678375244,0.04,0.01,2500,500
4.847712993621826,0.04,0.01,2500,500
4.850947856903076,0.04,0.01,2500,500
4.852885723114014,0.04,0.01,2500,500
4.853742599487305,0.04,0.01,2500,500
4.85791540145874,0.04,0.01,2500,500
4.861096382141113,0.04,0.01,2500,500
4.865292072296143,0.04,0.01,2500,500
4.870240688323975,0.04,0.01,2500,500
4.875062942504883,0.04,0.01,2500,500
4.87803840637207,0.04,0.01,2500,500
4.88205623626709,0.04,0.01,2500,500
4.88480806350708,0.04,0.01,2500,500
4.890688896179199,0.04,0.01,2500,500
4.893224716186523,0.04,0.01,2500,500
4.897096633911133,0.04,0.01,2500,500
4.900064945220947,0.04,0.01,2500,500
4.904555797576904,0.04,0.01,2500,500
4.907861709594727,0.04,0.01,2500,500
4.9113078117370605,0.04,0.01,2500,500
4.913166522979736,0.04,0.01,2500,500
4.917247295379639,0.04,0.01,2500,500
4.920104503631592,0.04,0.01,2500,500
4.920536518096924,0.04,0.01,2500,500
4.9247307777404785,0.04,0.01,2500,500
4.928936958312988,0.04,0.01,2500,500
4.93459415435791,0.04,0.01,2500,500
4.940158367156982,0.04,0.01,2500,500
4.942567825317383,0.04,0.01,2500,500
4.94819450378418,0.04,0.01,2500,500
4.949538230895996,0.04,0.01,2500,500
4.952158451080322,0.04,0.01,2500,500
4.956845283508301,0.04,0.01,2500,500
4.960308074951172,0.04,0.01,2500,500
4.9625983238220215,0.04,0.01,2500,500
4.9664177894592285,0.04,0.01,2500,500
4.971765995025635,0.04,0.01,2500,500
4.976722717285156,0.04,0.01,2500,500
4.980626583099365,0.04,0.01,2500,500
4.983859062194824,0.04,0.01,2500,500
4.988291263580322,0.04,0.01,2500,500
4.990549564361572,0.04,0.01,2500,500
4.992115497589111,0.04,0.01,2500,500
4.995401382446289,0.04,0.01,2500,500
4.99855899810791,0.04,0.01,2500,500
5.00373649597168,0.04,0.01,2500,500
5.006680965423584,0.04,0.01,2500,500
5.011750221252441,0.04,0.01,2500,500
5.01681661605835,0.04,0.01,2500,500
5.021508693695068,0.04,0.01,2500,500
5.026088237762451,0.04,0.01,2500,500
5.030510902404785,0.04,0.01,2500,500
5.0353803634643555,0.04,0.01,2500,500
5.039547920227051,0.04,0.01,2500,500
5.043499946594238,0.04,0.01,2500,500
5.047865390777588,0.04,0.01,2500,500
5.051968574523926,0.04,0.01,2500,500
5.055164813995361,0.04,0.01,2500,500
5.05897331237793,0.04,0.01,2500,500
5.062599182128906,0.04,0.01,2500,500
5.067480087280273,0.04,0.01,2500,500
5.070183277130127,0.04,0.01,2500,500
5.074850559234619,0.04,0.01,2500,500
5.079267978668213,0.04,0.01,2500,500
5.084918022155762,0.04,0.01,2500,500
5.089109897613525,0.04,0.01,2500,500
5.091448783874512,0.04,0.01,2500,500
5.095295429229736,0.04,0.01,2500,500
5.099836349487305,0.04,0.01,2500,500
5.1057233810424805,0.04,0.01,2500,500
5.109174728393555,0.04,0.01,2500,500
5.113523483276367,0.04,0.01,2500,500
5.116255283355713,0.04,0.01,2500,500
5.120265483856201,0.04,0.01,2500,500
5.125167369842529,0.04,0.01,2500,500
5.130133628845215,0.04,0.01,2500,500
5.132206916809082,0.04,0.01,2500,500
5.135195255279541,0.04,0.01,2500,500
5.140408992767334,0.04,0.01,2500,500
5.1435747146606445,0.04,0.01,2500,500
5.1473188400268555,0.04,0.01,2500,500
5.151581287384033,0.04,0.01,2500,500
5.1556501388549805,0.04,0.01,2500,500
5.161992073059082,0.04,0.01,2500,500
5.166779518127441,0.04,0.01,2500,500
5.171965599060059,0.04,0.01,2500,500
5.17619514465332,0.04,0.01,2500,500
5.183623313903809,0.04,0.01,2500,500
5.187529563903809,0.04,0.01,2500,500
5.1926093101501465,0.04,0.01,2500,500
5.197510242462158,0.04,0.01,2500,500
5.200944900512695,0.04,0.01,2500,500
5.20422887802124,0.04,0.01,2500,500
5.206948280334473,0.04,0.01,2500,500
5.211320400238037,0.04,0.01,2500,500
5.215246677398682,0.04,0.01,2500,500
5.219659328460693,0.04,0.01,2500,500
5.220223426818848,0.04,0.01,2500,500
5.221715450286865,0.04,0.01,2500,500
5.226161956787109,0.04,0.01,2500,500
5.230315685272217,0.04,0.01,2500,500
5.2333550453186035,0.04,0.01,2500,500
5.23768424987793,0.04,0.01,2500,500
5.2419915199279785,0.04,0.01,2500,500
5.244991779327393,0.04,0.01,2500,500
5.249691963195801,0.04,0.01,2500,500
5.253577709197998,0.04,0.01,2500,500
5.25851583480835,0.04,0.01,2500,500
5.261682510375977,0.04,0.01,2500,500
5.2661213874816895,0.04,0.01,2500,500
5.270081996917725,0.04,0.01,2500,500
5.274850368499756,0.04,0.01,2500,500
5.278881072998047,0.04,0.01,2500,500
5.284120559692383,0.04,0.01,2500,500
5.287215709686279,0.04,0.01,2500,500
5.2905049324035645,0.04,0.01,2500,500
5.294924736022949,0.04,0.01,2500,500
5.297907829284668,0.04,0.01,2500,500
5.302294731140137,0.04,0.01,2500,500
5.306324005126953,0.04,0.01,2500,500
5.309154033660889,0.04,0.01,2500,500
5.314112663269043,0.04,0.01,2500,500
5.318016529083252,0.04,0.01,2500,500
5.321632385253906,0.04,0.01,2500,500
5.3262529373168945,0.04,0.01,2500,500
5.329973220825195,0.04,0.01,2500,500
5.334925651550293,0.04,0.01,2500,500
5.3400678634643555,0.04,0.01,2500,500
5.344770908355713,0.04,0.01,2500,500
5.351168155670166,0.04,0.01,2500,500
5.356314659118652,0.04,0.01,2500,500
5.361249923706055,0.04,0.01,2500,500
5.3660993576049805,0.04,0.01,2500,500
5.37058687210083,0.04,0.01,2500,500
5.374228477478027,0.04,0.01,2500,500
5.377492904663086,0.04,0.01,2500,500
5.383522033691406,0.04,0.01,2500,500
5.387829780578613,0.04,0.01,2500,500
5.391841411590576,0.04,0.01,2500,500
5.395820617675781,0.04,0.01,2500,500
5.400439739227295,0.04,0.01,2500,500
5.404313087463379,0.04,0.01,2500,500
5.407801628112793,0.04,0.01,2500,500
5.410335063934326,0.04,0.01,2500,500
5.413536548614502,0.04,0.01,2500,500
5.418972015380859,0.04,0.01,2500,500
5.423001766204834,0.04,0.01,2500,500
5.428575038909912,0.04,0.01,2500,500
5.4332170486450195,0.04,0.01,2500,500
5.438493728637695,0.04,0.01,2500,500
5.441441059112549,0.04,0.01,2500,500
5.445094108581543,0.04,0.01,2500,500
5.449669361114502,0.04,0.01,2500,500
5.4528069496154785,0.04,0.01,2500,500
5.455472946166992,0.04,0.01,2500,500
5.459153175354004,0.04,0.01,2500,500
5.4626054763793945,0.04,0.01,2500,500
5.4649739265441895,0.04,0.01,2500,500
5.467766284942627,0.04,0.01,2500,500
5.471084117889404,0.04,0.01,2500,500
5.475401401519775,0.04,0.01,2500,500
5.48085880279541,0.04,0.01,2500,500
5.484992980957031,0.04,0.01,2500,500
5.489753723144531,0.04,0.01,2500,500
5.495034694671631,0.04,0.01,2500,500
5.499545097351074,0.04,0.01,2500,500
5.503984451293945,0.04,0.01,2500,500
5.506560325622559,0.04,0.01,2500,500
5.510740280151367,0.04,0.01,2500,500
5.51502799987793,0.04,0.01,2500,500
5.5178117752075195,0.04,0.01,2500,500
5.52187442779541,0.04,0.01,2500,500
5.524913311004639,0.04,0.01,2500,500
4.000723838806152,0.04,0.01,5000,500
4.0001349449157715,0.04,0.01,5000,500
3.9998762607574463,0.04,0.01,5000,500
4.000545978546143,0.04,0.01,5000,500
3.9983460903167725,0.04,0.01,5000,500
3.998039960861206,0.04,0.01,5000,500
3.997594118118286,0.04,0.01,5000,500
3.995974063873291,0.04,0.01,5000,500
3.9961700439453125,0.04,0.01,5000,500
3.995352029800415,0.04,0.01,5000,500
3.9942188262939453,0.04,0.01,5000,500
3.9945244789123535,0.04,0.01,5000,500
3.9948222637176514,0.04,0.01,5000,500
3.994105577468872,0.04,0.01,5000,500
3.992133855819702,0.04,0.01,5000,500
3.9923455715179443,0.04,0.01,5000,500
3.9918642044067383,0.04,0.01,5000,500
3.991004705429077,0.04,0.01,5000,500
3.9928276538848877,0.04,0.01,5000,500
3.992422342300415,0.04,0.01,5000,500
3.9916138648986816,0.04,0.01,5000,500
3.9899396896362305,0.04,0.01,5000,500
3.9919402599334717,0.04,0.01,5000,500
3.9940056800842285,0.04,0.01,5000,500
3.9955129623413086,0.04,0.01,5000,500
3.9952409267425537,0.04,0.01,5000,500
3.9957125186920166,0.04,0.01,5000,500
3.9967434406280518,0.04,0.01,5000,500
3.996939182281494,0.04,0.01,5000,500
3.9969842433929443,0.04,0.01,5000,500
3.9987032413482666,0.04,0.01,5000,500
3.99897837638855,0.04,0.01,5000,500
3.999871253967285,0.04,0.01,5000,500
4.0013275146484375,0.04,0.01,5000,500
4.002224445343018,0.04,0.01,5000,500
4.0034871101379395,0.04,0.01,5000,500
4.004357814788818,0.04,0.01,5000,500
4.003601551055908,0.04,0.01,5000,500
4.003530979156494,0.04,0.01,5000,500
4.00288200378418,0.04,0.01,5000,500
4.001657485961914,0.04,0.01,5000,500
4.0030975341796875,0.04,0.01,5000,500
4.001460075378418,0.04,0.01,5000,500
4.001782417297363,0.04,0.01,5000,500
4.002218246459961,0.04,0.01,5000,500
4.001068592071533,0.04,0.01,5000,500
4.000614643096924,0.04,0.01,5000,500
4.001755237579346,0.04,0.01,5000,500
4.002947807312012,0.04,0.01,5000,500
4.003748893737793,0.04,0.01,5000,500
4.0046467781066895,0.04,0.01,5000,500
4.005519866943359,0.04,0.01,5000,500
4.006560802459717,0.04,0.01,5000,500
4.007843494415283,0.04,0.01,5000,500
4.008871078491211,0.04,0.01,5000,500
4.008760929107666,0.04,0.01,5000,500
4.01059103012085,0.04,0.01,5000,500
4.010827541351318,0.04,0.01,5000,500
4.011176109313965,0.04,0.01,5000,500
4.01036262512207,0.04,0.01,5000,500
4.011775016784668,0.04,0.01,5000,500
4.011599063873291,0.04,0.01,5000,500
4.014212131500244,0.04,0.01,5000,500
4.0162482261657715,0.04,0.01,5000,500
4.017406463623047,0.04,0.01,5000,500
4.018025875091553,0.04,0.01,5000,500
4.019363880157471,0.04,0.01,5000,500
4.019458770751953,0.04,0.01,5000,500
4.019373893737793,0.04,0.01,5000,500
4.020204544067383,0.04,0.01,5000,500
4.020608901977539,0.04,0.01,5000,500
4.021966934204102,0.04,0.01,5000,500
4.022284030914307,0.04,0.01,5000,500
4.022834777832031,0.04,0.01,5000,500
4.023083686828613,0.04,0.01,5000,500
4.024291038513184,0.04,0.01,5000,500
4.024445056915283,0.04,0.01,5000,500
4.026782035827637,0.04,0.01,5000,500
4.02718448638916,0.04,0.01,5000,500
4.0274834632873535,0.04,0.01,5000,500
4.029055595397949,0.04,0.01,5000,500
4.031134128570557,0.04,0.01,5000,500
4.033570766448975,0.04,0.01,5000,500
4.034389972686768,0.04,0.01,5000,500
4.037553310394287,0.04,0.01,5000,500
4.038604736328125,0.04,0.01,5000,500
4.039519309997559,0.04,0.01,5000,500
4.039798259735107,0.04,0.01,5000,500
4.041362762451172,0.04,0.01,5000,500
4.043477535247803,0.04,0.01,5000,500
4.045335292816162,0.04,0.01,5000,500
4.0478434562683105,0.04,0.01,5000,500
4.048748970031738,0.04,0.01,5000,500
4.050553321838379,0.04,0.01,5000,500
4.05098819732666,0.04,0.01,5000,500
4.052775859832764,0.04,0.01,5000,500
4.053122520446777,0.04,0.01,5000,500
4.055187225341797,0.04,0.01,5000,500
4.057199001312256,0.04,0.01,5000,500
4.058107376098633,0.04,0.01,5000,500
4.060254096984863,0.04,0.01,5000,500
4.061540126800537,0.04,0.01,5000,500
4.063196182250977,0.04,0.01,5000,500
4.063297748565674,0.04,0.01,5000,500
4.065442085266113,0.04,0.01,5000,500
4.067651271820068,0.04,0.01,5000,500
4.069375991821289,0.04,0.01,5000,500
4.0702595710754395,0.04,0.01,5000,500
4.071784019470215,0.04,0.01,5000,500
4.073409080505371,0.04,0.01,5000,500
4.0747270584106445,0.04,0.01,5000,500
4.076298236846924,0.04,0.01,5000,500
4.07765007019043,0.04,0.01,5000,500
4.080448627471924,0.04,0.01,5000,500
4.081696033477783,0.04,0.01,5000,500
4.083156585693359,0.04,0.01,5000,500
4.083921909332275,0.04,0.01,5000,500
4.083981513977051,0.04,0.01,5000,500
4.086466312408447,0.04,0.01,5000,500
4.086697101593018,0.04,0.01,5000,500
4.088269233703613,0.04,0.01,5000,500
4.089276313781738,0.04,0.01,5000,500
4.090506076812744,0.04,0.01,5000,500
4.091456413269043,0.04,0.01,5000,500
4.093730926513672,0.04,0.01,5000,500
4.09438943862915,0.04,0.01,5000,500
4.096900463104248,0.04,0.01,5000,500
4.097733974456787,0.04,0.01,5000,500
4.099496364593506,0.04,0.01,5000,500
4.100844383239746,0.04,0.01,5000,500
4.101907253265381,0.04,0.01,5000,500
4.103671550750732,0.04,0.01,5000,500
4.106865406036377,0.04,0.01,5000,500
4.109258651733398,0.04,0.01,5000,500
4.1121697425842285,0.04,0.01,5000,500
4.112801551818848,0.04,0.01,5000,500
4.114597797393799,0.04,0.01,5000,500
4.116758823394775,0.04,0.01,5000,500
4.118684768676758,0.04,0.01,5000,500
4.12069845199585,0.04,0.01,5000,500
4.122372150421143,0.04,0.01,5000,500
4.124483108520508,0.04,0.01,5000,500
4.126049518585205,0.04,0.01,5000,500
4.128145694732666,0.04,0.01,5000,500
4.130088806152344,0.04,0.01,5000,500
4.130702972412109,0.04,0.01,5000,500
4.1317644119262695,0.04,0.01,5000,500
4.132565975189209,0.04,0.01,5000,500
4.134953022003174,0.04,0.01,5000,500
4.135771751403809,0.04,0.01,5000,500
4.13713264465332,0.04,0.01,5000,500
4.138640880584717,0.04,0.01,5000,500
4.140134811401367,0.04,0.01,5000,500
4.141367435455322,0.04,0.01,5000,500
4.1417317390441895,0.04,0.01,5000,500
4.144055366516113,0.04,0.01,5000,500
4.145753383636475,0.04,0.01,5000,500
4.1477861404418945,0.04,0.01,5000,500
4.14886999130249,0.04,0.01,5000,500
4.149676322937012,0.04,0.01,5000,500
4.150606155395508,0.04,0.01,5000,500
4.152196407318115,0.04,0.01,5000,500
4.154648303985596,0.04,0.01,5000,500
4.158042907714844,0.04,0.01,5000,500
4.1592912673950195,0.04,0.01,5000,500
4.160060405731201,0.04,0.01,5000,500
4.162481307983398,0.04,0.01,5000,500
4.16418981552124,0.04,0.01,5000,500
4.165356159210205,0.04,0.01,5000,500
4.166590690612793,0.04,0.01,5000,500
4.169186115264893,0.04,0.01,5000,500
4.171476364135742,0.04,0.01,5000,500
4.173121452331543,0.04,0.01,5000,500
4.1757073402404785,0.04,0.01,5000,500
4.1772661209106445,0.04,0.01,5000,500
4.179845809936523,0.04,0.01,5000,500
4.181297302246094,0.04,0.01,5000,500
4.183929443359375,0.04,0.01,5000,500
4.186068534851074,0.04,0.01,5000,500
4.187093257904053,0.04,0.01,5000,500
4.190001010894775,0.04,0.01,5000,500
4.191920757293701,0.04,0.01,5000,500
4.194694519042969,0.04,0.01,5000,500
4.197739601135254,0.04,0.01,5000,500
4.198493480682373,0.04,0.01,5000,500
4.199282169342041,0.04,0.01,5000,500
4.200334548950195,0.04,0.01,5000,500
4.202213287353516,0.04,0.01,5000,500
4.203784465789795,0.04,0.01,5000,500
4.206003189086914,0.04,0.01,5000,500
4.208504676818848,0.04,0.01,5000,500
4.208521366119385,0.04,0.01,5000,500
4.209975242614746,0.04,0.01,5000,500
4.2120184898376465,0.04,0.01,5000,500
4.214229106903076,0.04,0.01,5000,500
4.218062877655029,0.04,0.01,5000,500
4.220815181732178,0.04,0.01,5000,500
4.222823143005371,0.04,0.01,5000,500
4.224913597106934,0.04,0.01,5000,500
4.226787567138672,0.04,0.01,5000,500
4.230085372924805,0.04,0.01,5000,500
4.233809471130371,0.04,0.01,5000,500
4.234256744384766,0.04,0.01,5000,500
4.236756324768066,0.04,0.01,5000,500
4.238144874572754,0.04,0.01,5000,500
4.239803791046143,0.04,0.01,5000,500
4.24230432510376,0.04,0.01,5000,500
4.244758605957031,0.04,0.01,5000,500
4.245781421661377,0.04,0.01,5000,500
4.246006011962891,0.04,0.01,5000,500
4.247621059417725,0.04,0.01,5000,500
4.249035358428955,0.04,0.01,5000,500
4.252096176147461,0.04,0.01,5000,500
4.253769874572754,0.04,0.01,5000,500
4.255439281463623,0.04,0.01,5000,500
4.255188465118408,0.04,0.01,5000,500
4.2563347816467285,0.04,0.01,5000,500
4.258294105529785,0.04,0.01,5000,500
4.259365558624268,0.04,0.01,5000,500
4.2620530128479,0.04,0.01,5000,500
4.264856815338135,0.04,0.01,5000,500
4.268394470214844,0.04,0.01,5000,500
4.270751476287842,0.04,0.01,5000,500
4.273647785186768,0.04,0.01,5000,500
4.275777339935303,0.04,0.01,5000,500
4.278271198272705,0.04,0.01,5000,500
4.280179023742676,0.04,0.01,5000,500
4.283142566680908,0.04,0.01,5000,500
4.28428316116333,0.04,0.01,5000,500
4.2874956130981445,0.04,0.01,5000,500
4.289320945739746,0.04,0.01,5000,500
4.29106330871582,0.04,0.01,5000,500
4.293816089630127,0.04,0.01,5000,500
4.295737266540527,0.04,0.01,5000,500
4.297571659088135,0.04,0.01,5000,500
4.298280239105225,0.04,0.01,5000,500
4.299347877502441,0.04,0.01,5000,500
4.301674842834473,0.04,0.01,5000,500
4.3032684326171875,0.04,0.01,5000,500
4.305410385131836,0.04,0.01,5000,500
4.307284832000732,0.04,0.01,5000,500
4.309147357940674,0.04,0.01,5000,500
4.310973644256592,0.04,0.01,5000,500
4.313039779663086,0.04,0.01,5000,500
4.314235210418701,0.04,0.01,5000,500
4.31678581237793,0.04,0.01,5000,500
4.318604946136475,0.04,0.01,5000,500
4.32035493850708,0.04,0.01,5000,500
4.3212971687316895,0.04,0.01,5000,500
4.324284553527832,0.04,0.01,5000,500
4.326136589050293,0.04,0.01,5000,500
4.329066276550293,0.04,0.01,5000,500
4.331094264984131,0.04,0.01,5000,500
4.333802700042725,0.04,0.01,5000,500
4.33671760559082,0.04,0.01,5000,500
4.338956832885742,0.04,0.01,5000,500
4.34080696105957,0.04,0.01,5000,500
4.344262599945068,0.04,0.01,5000,500
4.347733020782471,0.04,0.01,5000,500
4.3495564460754395,0.04,0.01,5000,500
4.352630138397217,0.04,0.01,5000,500
4.3545637130737305,0.04,0.01,5000,500
4.357175350189209,0.04,0.01,5000,500
4.35844087600708,0.04,0.01,5000,500
4.362089157104492,0.04,0.01,5000,500
4.363076686859131,0.04,0.01,5000,500
4.364814758300781,0.04,0.01,5000,500
4.367424964904785,0.04,0.01,5000,500
4.370052814483643,0.04,0.01,5000,500
4.372158527374268,0.04,0.01,5000,500
4.375434398651123,0.04,0.01,5000,500
4.378213882446289,0.04,0.01,5000,500
4.380814075469971,0.04,0.01,5000,500
4.381627082824707,0.04,0.01,5000,500
4.384842395782471,0.04,0.01,5000,500
4.387698650360107,0.04,0.01,5000,500
4.389758110046387,0.04,0.01,5000,500
4.390837669372559,0.04,0.01,5000,500
4.3952412605285645,0.04,0.01,5000,500
4.397324085235596,0.04,0.01,5000,500
4.398916721343994,0.04,0.01,5000,500
4.4009785652160645,0.04,0.01,5000,500
4.403525352478027,0.04,0.01,5000,500
4.4056782722473145,0.04,0.01,5000,500
4.407358169555664,0.04,0.01,5000,500
4.4095892906188965,0.04,0.01,5000,500
4.41135835647583,0.04,0.01,5000,500
4.4125075340271,0.04,0.01,5000,500
4.4152936935424805,0.04,0.01,5000,500
4.417044162750244,0.04,0.01,5000,500
4.420199871063232,0.04,0.01,5000,500
4.422543048858643,0.04,0.01,5000,500
4.424424171447754,0.04,0.01,5000,500
4.426382064819336,0.04,0.01,5000,500
4.427921295166016,0.04,0.01,5000,500
4.429914951324463,0.04,0.01,5000,500
4.434640884399414,0.04,0.01,5000,500
4.435569763183594,0.04,0.01,5000,500
4.43710470199585,0.04,0.01,5000,500
4.440525531768799,0.04,0.01,5000,500
4.444199562072754,0.04,0.01,5000,500
4.446374416351318,0.04,0.01,5000,500
4.447103023529053,0.04,0.01,5000,500
4.450355052947998,0.04,0.01,5000,500
4.452967166900635,0.04,0.01,5000,500
4.456593990325928,0.04,0.01,5000,500
4.459698677062988,0.04,0.01,5000,500
4.463551998138428,0.04,0.01,5000,500
4.4672322273254395,0.04,0.01,5000,500
4.470157623291016,0.04,0.01,5000,500
4.472545623779297,0.04,0.01,5000,500
4.474793910980225,0.04,0.01,5000,500
4.475595474243164,0.04,0.01,5000,500
4.478593826293945,0.04,0.01,5000,500
4.480949401855469,0.04,0.01,5000,500
4.4844889640808105,0.04,0.01,5000,500
4.485963344573975,0.04,0.01,5000,500
4.488511085510254,0.04,0.01,5000,500
4.491368770599365,0.04,0.01,5000,500
4.493595123291016,0.04,0.01,5000,500
4.495251178741455,0.04,0.01,5000,500
4.49717378616333,0.04,0.01,5000,500
4.500943183898926,0.04,0.01,5000,500
4.503084659576416,0.04,0.01,5000,500
4.507381439208984,0.04,0.01,5000,500
4.508732795715332,0.04,0.01,5000,500
4.511562824249268,0.04,0.01,5000,500
4.515376567840576,0.04,0.01,5000,500
4.516414642333984,0.04,0.01,5000,500
4.518848896026611,0.04,0.01,5000,500
4.522519111633301,0.04,0.01,5000,500
4.52421236038208,0.04,0.01,5000,500
4.5270538330078125,0.04,0.01,5000,500
4.529344081878662,0.04,0.01,5000,500
4.53162956237793,0.04,0.01,5000,500
4.534282684326172,0.04,0.01,5000,500
4.537450313568115,0.04,0.01,5000,500
4.539497375488281,0.04,0.01,5000,500
4.541409015655518,0.04,0.01,5000,500
4.545648574829102,0.04,0.01,5000,500
4.547369003295898,0.04,0.01,5000,500
4.549768447875977,0.04,0.01,5000,500
4.553289413452148,0.04,0.01,5000,500
4.557058811187744,0.04,0.01,5000,500
4.559353351593018,0.04,0.01,5000,500
4.562417507171631,0.04,0.01,5000,500
4.563519477844238,0.04,0.01,5000,500
4.567404747009277,0.04,0.01,5000,500
4.569095611572266,0.04,0.01,5000,500
4.571565628051758,0.04,0.01,5000,500
4.575249195098877,0.04,0.01,5000,500
4.5752363204956055,0.04,0.01,5000,500
4.57938814163208,0.04,0.01,5000,500
4.5826287269592285,0.04,0.01,5000,500
4.584527015686035,0.04,0.01,5000,500
4.585577487945557,0.04,0.01,5000,500
4.586409568786621,0.04,0.01,5000,500
4.588024616241455,0.04,0.01,5000,500
4.590971946716309,0.04,0.01,5000,500
4.593067646026611,0.04,0.01,5000,500
4.596035003662109,0.04,0.01,5000,500
4.598745346069336,0.04,0.01,5000,500
4.601739406585693,0.04,0.01,5000,500
4.604275703430176,0.04,0.01,5000,500
4.606061935424805,0.04,0.01,5000,500
4.60863733291626,0.04,0.01,5000,500
4.610487461090088,0.04,0.01,5000,500
4.61181640625,0.04,0.01,5000,500
4.612838268280029,0.04,0.01,5000,500
4.613412857055664,0.04,0.01,5000,500
4.617367744445801,0.04,0.01,5000,500
4.618639945983887,0.04,0.01,5000,500
4.6205735206604,0.04,0.01,5000,500
4.621194362640381,0.04,0.01,5000,500
4.623016357421875,0.04,0.01,5000,500
4.62575626373291,0.04,0.01,5000,500
4.6258344650268555,0.04,0.01,5000,500
4.627987861633301,0.04,0.01,5000,500
4.630853652954102,0.04,0.01,5000,500
4.6323347091674805,0.04,0.01,5000,500
4.634381294250488,0.04,0.01,5000,500
4.638031482696533,0.04,0.01,5000,500
4.64061164855957,0.04,0.01,5000,500
4.64221715927124,0.04,0.01,5000,500
4.643711090087891,0.04,0.01,5000,500
4.647091388702393,0.04,0.01,5000,500
4.650934219360352,0.04,0.01,5000,500
4.654007911682129,0.04,0.01,5000,500
4.655793190002441,0.04,0.01,5000,500
4.655864238739014,0.04,0.01,5000,500
4.658389568328857,0.04,0.01,5000,500
4.660370349884033,0.04,0.01,5000,500
4.662647724151611,0.04,0.01,5000,500
4.665197372436523,0.04,0.01,5000,500
4.6672797203063965,0.04,0.01,5000,500
4.668395042419434,0.04,0.01,5000,500
4.669281005859375,0.04,0.01,5000,500
4.67186975479126,0.04,0.01,5000,500
4.673710346221924,0.04,0.01,5000,500
4.674901962280273,0.04,0.01,5000,500
4.676745414733887,0.04,0.01,5000,500
4.679093360900879,0.04,0.01,5000,500
4.681351661682129,0.04,0.01,5000,500
4.684164047241211,0.04,0.01,5000,500
4.686963081359863,0.04,0.01,5000,500
4.68826150894165,0.04,0.01,5000,500
4.690014839172363,0.04,0.01,5000,500
4.691863536834717,0.04,0.01,5000,500
4.693728446960449,0.04,0.01,5000,500
4.696600914001465,0.04,0.01,5000,500
4.699141025543213,0.04,0.01,5000,500
4.701383113861084,0.04,0.01,5000,500
4.704186916351318,0.04,0.01,5000,500
4.7064971923828125,0.04,0.01,5000,500
4.708096504211426,0.04,0.01,5000,500
4.709442138671875,0.04,0.01,5000,500
4.71049165725708,0.04,0.01,5000,500
4.713043689727783,0.04,0.01,5000,500
4.714693546295166,0.04,0.01,5000,500
4.715861797332764,0.04,0.01,5000,500
4.718588352203369,0.04,0.01,5000,500
4.721795558929443,0.04,0.01,5000,500
4.725164890289307,0.04,0.01,5000,500
4.726343631744385,0.04,0.01,5000,500
4.729411602020264,0.04,0.01,5000,500
4.7324113845825195,0.04,0.01,5000,500
4.735090732574463,0.04,0.01,5000,500
4.738042831420898,0.04,0.01,5000,500
4.740858554840088,0.04,0.01,5000,500
4.742867946624756,0.04,0.01,5000,500
4.743303298950195,0.04,0.01,5000,500
4.745498180389404,0.04,0.01,5000,500
4.747800350189209,0.04,0.01,5000,500
4.7495646476745605,0.04,0.01,5000,500
4.752975940704346,0.04,0.01,5000,500
4.756333827972412,0.04,0.01,5000,500
4.757782936096191,0.04,0.01,5000,500
4.759615898132324,0.04,0.01,5000,500
4.760665416717529,0.04,0.01,5000,500
4.763941764831543,0.04,0.01,5000,500
4.765158176422119,0.04,0.01,5000,500
4.766870498657227,0.04,0.01,5000,500
4.769232749938965,0.04,0.01,5000,500
4.770594120025635,0.04,0.01,5000,500
4.773028373718262,0.04,0.01,5000,500
4.77538537979126,0.04,0.01,5000,500
4.777900695800781,0.04,0.01,5000,500
4.7800140380859375,0.04,0.01,5000,500
4.783492565155029,0.04,0.01,5000,500
4.784381866455078,0.04,0.01,5000,500
4.78757381439209,0.04,0.01,5000,500
4.79050350189209,0.04,0.01,5000,500
4.7924652099609375,0.04,0.01,5000,500
4.795544147491455,0.04,0.01,5000,500
4.7976579666137695,0.04,0.01,5000,500
4.800516128540039,0.04,0.01,5000,500
4.804388999938965,0.04,0.01,5000,500
4.806568145751953,0.04,0.01,5000,500
4.808844566345215,0.04,0.01,5000,500
4.811435222625732,0.04,0.01,5000,500
4.814145565032959,0.04,0.01,5000,500
4.8171515464782715,0.04,0.01,5000,500
4.819854736328125,0.04,0.01,5000,500
4.822432518005371,0.04,0.01,5000,500
4.824024200439453,0.04,0.01,5000,500
4.827016830444336,0.04,0.01,5000,500
4.828361988067627,0.04,0.01,5000,500
4.830337047576904,0.04,0.01,5000,500
4.831963062286377,0.04,0.01,5000,500
4.834941387176514,0.04,0.01,5000,500
4.838493347167969,0.04,0.01,5000,500
4.840251922607422,0.04,0.01,5000,500
4.8423380851745605,0.04,0.01,5000,500
4.844165802001953,0.04,0.01,5000,500
4.846625804901123,0.04,0.01,5000,500
4.849096298217773,0.04,0.01,5000,500
4.85361385345459,0.04,0.01,5000,500
4.855469703674316,0.04,0.01,5000,500
4.8586015701293945,0.04,0.01,5000,500
4.861522197723389,0.04,0.01,5000,500
4.86251974105835,0.04,0.01,5000,500
4.86698579788208,0.04,0.01,5000,500
4.870591163635254,0.04,0.01,5000,500
4.8739824295043945,0.04,0.01,5000,500
4.876227855682373,0.04,0.01,5000,500
4.879519462585449,0.04,0.01,5000,500
4.881061553955078,0.04,0.01,5000,500
4.883314609527588,0.04,0.01,5000,500
4.886128902435303,0.04,0.01,5000,500
4.888894557952881,0.04,0.01,5000,500
4.890807151794434,0.04,0.01,5000,500
4.8930511474609375,0.04,0.01,5000,500
4.894299507141113,0.04,0.01,5000,500
4.8956217765808105,0.04,0.01,5000,500
4.896705627441406,0.04,0.01,5000,500
4.897871017456055,0.04,0.01,5000,500
4.899405002593994,0.04,0.01,5000,500
4.9011993408203125,0.04,0.01,5000,500
4.904017448425293,0.04,0.01,5000,500
4.905749320983887,0.04,0.01,5000,500
4.908346652984619,0.04,0.01,5000,500
4.000200271606445,0.04,0.01,7500,500
3.9999794960021973,0.04,0.01,7500,500
3.999800443649292,0.04,0.01,7500,500
3.9982728958129883,0.04,0.01,7500,500
3.996631622314453,0.04,0.01,7500,500
3.9971420764923096,0.04,0.01,7500,500
3.9972124099731445,0.04,0.01,7500,500
3.9959909915924072,0.04,0.01,7500,500
3.9959070682525635,0.04,0.01,7500,500
3.997103691101074,0.04,0.01,7500,500
3.996361255645752,0.04,0.01,7500,500
3.9971697330474854,0.04,0.01,7500,500
3.99807071685791,0.04,0.01,7500,500
3.9988417625427246,0.04,0.01,7500,500
3.9993696212768555,0.04,0.01,7500,500
4.000474452972412,0.04,0.01,7500,500
4.000229358673096,0.04,0.01,7500,500
4.000210762023926,0.04,0.01,7500,500
3.99971079826355,0.04,0.01,7500,500
3.9988129138946533,0.04,0.01,7500,500
3.9994120597839355,0.04,0.01,7500,500
3.9994707107543945,0.04,0.01,7500,500
3.9999306201934814,0.04,0.01,7500,500
4.0000081062316895,0.04,0.01,7500,500
4.000269889831543,0.04,0.01,7500,500
4.000657081604004,0.04,0.01,7500,500
4.000868797302246,0.04,0.01,7500,500
4.000487327575684,0.04,0.01,7500,500
4.000534534454346,0.04,0.01,7500,500
4.0007405281066895,0.04,0.01,7500,500
4.002099514007568,0.04,0.01,7500,500
4.002203941345215,0.04,0.01,7500,500
4.000588893890381,0.04,0.01,7500,500
3.999692440032959,0.04,0.01,7500,500
3.999687910079956,0.04,0.01,7500,500
3.999952554702759,0.04,0.01,7500,500
4.000471591949463,0.04,0.01,7500,500
3.9999144077301025,0.04,0.01,7500,500
4.000258922576904,0.04,0.01,7500,500
4.000136375427246,0.04,0.01,7500,500
3.9998505115509033,0.04,0.01,7500,500
4.000200271606445,0.04,0.01,7500,500
4.000423431396484,0.04,0.01,7500,500
4.000256061553955,0.04,0.01,7500,500
4.000117301940918,0.04,0.01,7500,500
4.000404357910156,0.04,0.01,7500,500
4.000581741333008,0.04,0.01,7500,500
4.0002121925354,0.04,0.01,7500,500
4.000572681427002,0.04,0.01,7500,500
3.9997916221618652,0.04,0.01,7500,500
3.999075412750244,0.04,0.01,7500,500
3.9995062351226807,0.04,0.01,7500,500
3.99971866607666,0.04,0.01,7500,500
3.9991958141326904,0.04,0.01,7500,500
3.9981331825256348,0.04,0.01,7500,500
3.9969534873962402,0.04,0.01,7500,500
3.998596429824829,0.04,0.01,7500,500
3.998961925506592,0.04,0.01,7500,500
4.000118732452393,0.04,0.01,7500,500
3.9995222091674805,0.04,0.01,7500,500
4.000799179077148,0.04,0.01,7500,500
4.002162456512451,0.04,0.01,7500,500
4.002815246582031,0.04,0.01,7500,500
4.003670692443848,0.04,0.01,7500,500
4.003076553344727,0.04,0.01,7500,500
4.003389835357666,0.04,0.01,7500,500
4.0041985511779785,0.04,0.01,7500,500
4.003820419311523,0.04,0.01,7500,500
4.004512786865234,0.04,0.01,7500,500
4.005336284637451,0.04,0.01,7500,500
4.005501747131348,0.04,0.01,7500,500
4.005634784698486,0.04,0.01,7500,500
4.005801200866699,0.04,0.01,7500,500
4.004985809326172,0.04,0.01,7500,500
4.005739212036133,0.04,0.01,7500,500
4.007267475128174,0.04,0.01,7500,500
4.007498741149902,0.04,0.01,7500,500
4.009645938873291,0.04,0.01,7500,500
4.010881423950195,0.04,0.01,7500,500
4.0127081871032715,0.04,0.01,7500,500
4.012768745422363,0.04,0.01,7500,500
4.014064311981201,0.04,0.01,7500,500
4.013663291931152,0.04,0.01,7500,500
4.014637470245361,0.04,0.01,7500,500
4.014734745025635,0.04,0.01,7500,500
4.015923500061035,0.04,0.01,7500,500
4.016145706176758,0.04,0.01,7500,500
4.017411708831787,0.04,0.01,7500,500
4.018296241760254,0.04,0.01,7500,500
4.019378185272217,0.04,0.01,7500,500
4.020214557647705,0.04,0.01,7500,500
4.022066116333008,0.04,0.01,7500,500
4.022861003875732,0.04,0.01,7500,500
4.023500919342041,0.04,0.01,7500,500
4.024404525756836,0.04,0.01,7500,500
4.02519416809082,0.04,0.01,7500,500
4.0263495445251465,0.04,0.01,7500,500
4.0262627601623535,0.04,0.01,7500,500
4.02651834487915,0.04,0.01,7500,500
4.027655124664307,0.04,0.01,7500,500
4.0276994705200195,0.04,0.01,7500,500
4.028149127960205,0.04,0.01,7500,500
4.029044151306152,0.04,0.01,7500,500
4.030433177947998,0.04,0.01,7500,500
4.030515193939209,0.04,0.01,7500,500
4.031322956085205,0.04,0.01,7500,500
4.033308029174805,0.04,0.01,7500,500
4.034898281097412,0.04,0.01,7500,500
4.0356316566467285,0.04,0.01,7500,500
4.036550521850586,0.04,0.01,7500,500
4.039085388183594,0.04,0.01,7500,500
4.040611743927002,0.04,0.01,7500,500
4.041602611541748,0.04,0.01,7500,500
4.042564392089844,0.04,0.01,7500,500
4.043932914733887,0.04,0.01,7500,500
4.044463634490967,0.04,0.01,7500,500
4.046659469604492,0.04,0.01,7500,500
4.048370361328125,0.04,0.01,7500,500
4.049259185791016,0.04,0.01,7500,500
4.049299716949463,0.04,0.01,7500,500
4.049638748168945,0.04,0.01,7500,500
4.049743175506592,0.04,0.01,7500,500
4.050931453704834,0.04,0.01,7500,500
4.051090240478516,0.04,0.01,7500,500
4.052104949951172,0.04,0.01,7500,500
4.053829669952393,0.04,0.01,7500,500
4.055620193481445,0.04,0.01,7500,500
4.057043075561523,0.04,0.01,7500,500
4.05781888961792,0.04,0.01,7500,500
4.059639930725098,0.04,0.01,7500,500
4.059543132781982,0.04,0.01,7500,500
4.060280799865723,0.04,0.01,7500,500
4.060052394866943,0.04,0.01,7500,500
4.061564922332764,0.04,0.01,7500,500
4.061704158782959,0.04,0.01,7500,500
4.06080436706543,0.04,0.01,7500,500
4.061578750610352,0.04,0.01,7500,500
4.0622382164001465,0.04,0.01,7500,500
4.063444137573242,0.04,0.01,7500,500
4.064177513122559,0.04,0.01,7500,500
4.066491603851318,0.04,0.01,7500,500
4.067215442657471,0.04,0.01,7500,500
4.068306922912598,0.04,0.01,7500,500
4.070054054260254,0.04,0.01,7500,500
4.071674346923828,0.04,0.01,7500,500
4.071935176849365,0.04,0.01,7500,500
4.073599815368652,0.04,0.01,7500,500
4.0744309425354,0.04,0.01,7500,500
4.076055526733398,0.04,0.01,7500,500
4.077059268951416,0.04,0.01,7500,500
4.077665328979492,0.04,0.01,7500,500
4.078752517700195,0.04,0.01,7500,500
4.0803375244140625,0.04,0.01,7500,500
4.081244468688965,0.04,0.01,7500,500
4.0823540687561035,0.04,0.01,7500,500
4.083096981048584,0.04,0.01,7500,500
4.084991931915283,0.04,0.01,7500,500
4.086366176605225,0.04,0.01,7500,500
4.086842060089111,0.04,0.01,7500,500
4.086826801300049,0.04,0.01,7500,500
4.087787628173828,0.04,0.01,7500,500
4.08799934387207,0.04,0.01,7500,500
4.089570999145508,0.04,0.01,7500,500
4.091187953948975,0.04,0.01,7500,500
4.091947555541992,0.04,0.01,7500,500
4.094561576843262,0.04,0.01,7500,500
4.09609842300415,0.04,0.01,7500,500
4.096944332122803,0.04,0.01,7500,500
4.098628044128418,0.04,0.01,7500,500
4.098647594451904,0.04,0.01,7500,500
4.1004486083984375,0.04,0.01,7500,500
4.101397514343262,0.04,0.01,7500,500
4.101749420166016,0.04,0.01,7500,500
4.103623390197754,0.04,0.01,7500,500
4.103482723236084,0.04,0.01,7500,500
4.1045308113098145,0.04,0.01,7500,500
4.106112003326416,0.04,0.01,7500,500
4.107911109924316,0.04,0.01,7500,500
4.108902931213379,0.04,0.01,7500,500
4.11013126373291,0.04,0.01,7500,500
4.111440658569336,0.04,0.01,7500,500
4.111404895782471,0.04,0.01,7500,500
4.113024711608887,0.04,0.01,7500,500
4.113971710205078,0.04,0.01,7500,500
4.114703178405762,0.04,0.01,7500,500
4.116193771362305,0.04,0.01,7500,500
4.1171979904174805,0.04,0.01,7500,500
4.118565559387207,0.04,0.01,7500,500
4.119811058044434,0.04,0.01,7500,500
4.121487617492676,0.04,0.01,7500,500
4.122115135192871,0.04,0.01,7500,500
4.123635292053223,0.04,0.01,7500,500
4.125487327575684,0.04,0.01,7500,500
4.127676486968994,0.04,0.01,7500,500
4.129741191864014,0.04,0.01,7500,500
4.1307525634765625,0.04,0.01,7500,500
4.132002830505371,0.04,0.01,7500,500
4.134851455688477,0.04,0.01,7500,500
4.136935234069824,0.04,0.01,7500,500
4.1384968757629395,0.04,0.01,7500,500
4.138678550720215,0.04,0.01,7500,500
4.14034366607666,0.04,0.01,7500,500
4.141942501068115,0.04,0.01,7500,500
4.143158435821533,0.04,0.01,7500,500
4.144495010375977,0.04,0.01,7500,500
4.146430015563965,0.04,0.01,7500,500
4.1474223136901855,0.04,0.01,7500,500
4.148744583129883,0.04,0.01,7500,500
4.150777339935303,0.04,0.01,7500,500
4.152299404144287,0.04,0.01,7500,500
4.154222011566162,0.04,0.01,7500,500
4.155646324157715,0.04,0.01,7500,500
4.156966209411621,0.04,0.01,7500,500
4.1589860916137695,0.04,0.01,7500,500
4.161364555358887,0.04,0.01,7500,500
4.163120746612549,0.04,0.01,7500,500
4.164982795715332,0.04,0.01,7500,500
4.167031288146973,0.04,0.01,7500,500
4.169558048248291,0.04,0.01,7500,500
4.1710429191589355,0.04,0.01,7500,500
4.172891139984131,0.04,0.01,7500,500
4.174340724945068,0.04,0.01,7500,500
4.177166938781738,0.04,0.01,7500,500
4.179315567016602,0.04,0.01,7500,500
4.181478023529053,0.04,0.01,7500,500
4.182977676391602,0.04,0.01,7500,500
4.184855937957764,0.04,0.01,7500,500
4.186211585998535,0.04,0.01,7500,500
4.187888145446777,0.04,0.01,7500,500
4.188680171966553,0.04,0.01,7500,500
4.189607620239258,0.04,0.01,7500,500
4.191485404968262,0.04,0.01,7500,500
4.192342758178711,0.04,0.01,7500,500
4.194824695587158,0.04,0.01,7500,500
4.195290565490723,0.04,0.01,7500,500
4.196321964263916,0.04,0.01,7500,500
4.198132038116455,0.04,0.01,7500,500
4.200746536254883,0.04,0.01,7500,500
4.203233242034912,0.04,0.01,7500,500
4.204428195953369,0.04,0.01,7500,500
4.205941200256348,0.04,0.01,7500,500
4.207725524902344,0.04,0.01,7500,500
4.208556652069092,0.04,0.01,7500,500
4.209366321563721,0.04,0.01,7500,500
4.211879730224609,0.04,0.01,7500,500
4.214468955993652,0.04,0.01,7500,500
4.217108726501465,0.04,0.01,7500,500
4.218203067779541,0.04,0.01,7500,500
4.221301078796387,0.04,0.01,7500,500
4.222346782684326,0.04,0.01,7500,500
4.22422981262207,0.04,0.01,7500,500
4.226407527923584,0.04,0.01,7500,500
4.2278242111206055,0.04,0.01,7500,500
4.229331016540527,0.04,0.01,7500,500
4.229677677154541,0.04,0.01,7500,500
4.231587886810303,0.04,0.01,7500,500
4.233219146728516,0.04,0.01,7500,500
4.235192775726318,0.04,0.01,7500,500
4.236616611480713,0.04,0.01,7500,500
4.23851203918457,0.04,0.01,7500,500
4.239643096923828,0.04,0.01,7500,500
4.239790439605713,0.04,0.01,7500,500
4.242618083953857,0.04,0.01,7500,500
4.244296550750732,0.04,0.01,7500,500
4.246191024780273,0.04,0.01,7500,500
4.24770450592041,0.04,0.01,7500,500
4.248688220977783,0.04,0.01,7500,500
4.251911640167236,0.04,0.01,7500,500
4.253943920135498,0.04,0.01,7500,500
4.256067752838135,0.04,0.01,7500,500
4.258452892303467,0.04,0.01,7500,500
4.2601470947265625,0.04,0.01,7500,500
4.261150360107422,0.04,0.01,7500,500
4.263199329376221,0.04,0.01,7500,500
4.2645368576049805,0.04,0.01,7500,500
4.267056941986084,0.04,0.01,7500,500
4.269406318664551,0.04,0.01,7500,500
4.270503520965576,0.04,0.01,7500,500
4.27272367477417,0.04,0.01,7500,500
4.273725986480713,0.04,0.01,7500,500
4.275968551635742,0.04,0.01,7500,500
4.276875972747803,0.04,0.01,7500,500
4.279740333557129,0.04,0.01,7500,500
4.281927585601807,0.04,0.01,7500,500
4.2832350730896,0.04,0.01,7500,500
4.285064697265625,0.04,0.01,7500,500
4.286886692047119,0.04,0.01,7500,500
4.289555549621582,0.04,0.01,7500,500
4.290956497192383,0.04,0.01,7500,500
4.292244911193848,0.04,0.01,7500,500
4.294886589050293,0.04,0.01,7500,500
4.29728889465332,0.04,0.01,7500,500
4.297908306121826,0.04,0.01,7500,500
4.30055046081543,0.04,0.01,7500,500
4.3021416664123535,0.04,0.01,7500,500
4.30340576171875,0.04,0.01,7500,500
4.3051347732543945,0.04,0.01,7500,500
4.306382179260254,0.04,0.01,7500,500
4.306940078735352,0.04,0.01,7500,500
4.308197975158691,0.04,0.01,7500,500
4.310814380645752,0.04,0.01,7500,500
4.312037467956543,0.04,0.01,7500,500
4.314108848571777,0.04,0.01,7500,500
4.3150553703308105,0.04,0.01,7500,500
4.316593170166016,0.04,0.01,7500,500
4.317875385284424,0.04,0.01,7500,500
4.319560527801514,0.04,0.01,7500,500
4.319694519042969,0.04,0.01,7500,500
4.321549415588379,0.04,0.01,7500,500
4.323481559753418,0.04,0.01,7500,500
4.325019359588623,0.04,0.01,7500,500
4.3275604248046875,0.04,0.01,7500,500
4.329753398895264,0.04,0.01,7500,500
4.331602573394775,0.04,0.01,7500,500
4.334200382232666,0.04,0.01,7500,500
4.335012435913086,0.04,0.01,7500,500
4.336118698120117,0.04,0.01,7500,500
4.337916851043701,0.04,0.01,7500,500
4.339291095733643,0.04,0.01,7500,500
4.340996265411377,0.04,0.01,7500,500
4.343358993530273,0.04,0.01,7500,500
4.3450798988342285,0.04,0.01,7500,500
4.346841335296631,0.04,0.01,7500,500
4.349360466003418,0.04,0.01,7500,500
4.349532604217529,0.04,0.01,7500,500
4.3516035079956055,0.04,0.01,7500,500
4.353973865509033,0.04,0.01,7500,500
4.355676174163818,0.04,0.01,7500,500
4.357199192047119,0.04,0.01,7500,500
4.357752799987793,0.04,0.01,7500,500
4.359432220458984,0.04,0.01,7500,500
4.361236095428467,0.04,0.01,7500,500
4.363576412200928,0.04,0.01,7500,500
4.364108085632324,0.04,0.01,7500,500
4.3662614822387695,0.04,0.01,7500,500
4.36931848526001,0.04,0.01,7500,500
4.371373653411865,0.04,0.01,7500,500
4.373303413391113,0.04,0.01,7500,500
4.374874591827393,0.04,0.01,7500,500
4.375687122344971,0.04,0.01,7500,500
4.376302719116211,0.04,0.01,7500,500
4.378430366516113,0.04,0.01,7500,500
4.380974769592285,0.04,0.01,7500,500
4.383962631225586,0.04,0.01,7500,500
4.385249614715576,0.04,0.01,7500,500
4.387291431427002,0.04,0.01,7500,500
4.389102935791016,0.04,0.01,7500,500
4.391117572784424,0.04,0.01,7500,500
4.3927321434021,0.04,0.01,7500,500
4.39309549331665,0.04,0.01,7500,500
4.3946452140808105,0.04,0.01,7500,500
4.395992279052734,0.04,0.01,7500,500
4.398377895355225,0.04,0.01,7500,500
4.399913787841797,0.04,0.01,7500,500
4.400730609893799,0.04,0.01,7500,500
4.403062343597412,0.04,0.01,7500,500
4.405288219451904,0.04,0.01,7500,500
4.406355381011963,0.04,0.01,7500,500
4.408199787139893,0.04,0.01,7500,500
4.408754348754883,0.04,0.01,7500,500
4.40989875793457,0.04,0.01,7500,500
4.4117913246154785,0.04,0.01,7500,500
4.4140706062316895,0.04,0.01,7500,500
4.414790630340576,0.04,0.01,7500,500
4.417402744293213,0.04,0.01,7500,500
4.41963529586792,0.04,0.01,7500,500
4.420680999755859,0.04,0.01,7500,500
4.423312664031982,0.04,0.01,7500,500
4.424351215362549,0.04,0.01,7500,500
4.426041126251221,0.04,0.01,7500,500
4.4272637367248535,0.04,0.01,7500,500
4.4291863441467285,0.04,0.01,7500,500
4.4299774169921875,0.04,0.01,7500,500
4.43151330947876,0.04,0.01,7500,500
4.433585166931152,0.04,0.01,7500,500
4.434706211090088,0.04,0.01,7500,500
4.434965133666992,0.04,0.01,7500,500
4.436017990112305,0.04,0.01,7500,500
4.437310218811035,0.04,0.01,7500,500
4.4391188621521,0.04,0.01,7500,500
4.442271709442139,0.04,0.01,7500,500
4.444300174713135,0.04,0.01,7500,500
4.445797443389893,0.04,0.01,7500,500
4.446969032287598,0.04,0.01,7500,500
4.4478631019592285,0.04,0.01,7500,500
4.448614597320557,0.04,0.01,7500,500
4.450347423553467,0.04,0.01,7500,500
4.452881813049316,0.04,0.01,7500,500
4.454643249511719,0.04,0.01,7500,500
4.45617151260376,0.04,0.01,7500,500
4.458449363708496,0.04,0.01,7500,500
4.462719917297363,0.04,0.01,7500,500
4.464452266693115,0.04,0.01,7500,500
4.465437889099121,0.04,0.01,7500,500
4.466923236846924,0.04,0.01,7500,500
4.468092441558838,0.04,0.01,7500,500
4.470996379852295,0.04,0.01,7500,500
4.4722113609313965,0.04,0.01,7500,500
4.474145412445068,0.04,0.01,7500,500
4.475276470184326,0.04,0.01,7500,500
4.477867603302002,0.04,0.01,7500,500
4.479770183563232,0.04,0.01,7500,500
4.4818525314331055,0.04,0.01,7500,500
4.482511043548584,0.04,0.01,7500,500
4.484395503997803,0.04,0.01,7500,500
4.486123085021973,0.04,0.01,7500,500
4.488434314727783,0.04,0.01,7500,500
4.489566326141357,0.04,0.01,7500,500
4.490325927734375,0.04,0.01,7500,500
4.491205215454102,0.04,0.01,7500,500
4.492480754852295,0.04,0.01,7500,500
4.494062423706055,0.04,0.01,7500,500
4.496523857116699,0.04,0.01,7500,500
4.498505115509033,0.04,0.01,7500,500
4.499454498291016,0.04,0.01,7500,500
4.502017021179199,0.04,0.01,7500,500
4.503223419189453,0.04,0.01,7500,500
4.504608154296875,0.04,0.01,7500,500
4.505758762359619,0.04,0.01,7500,500
4.507567882537842,0.04,0.01,7500,500
4.50808048248291,0.04,0.01,7500,500
4.509483814239502,0.04,0.01,7500,500
4.510900974273682,0.04,0.01,7500,500
4.512677192687988,0.04,0.01,7500,500
4.514811992645264,0.04,0.01,7500,500
4.515710353851318,0.04,0.01,7500,500
4.516739368438721,0.04,0.01,7500,500
4.517426490783691,0.04,0.01,7500,500
4.520671844482422,0.04,0.01,7500,500
4.522219181060791,0.04,0.01,7500,500
4.523990631103516,0.04,0.01,7500,500
4.525493144989014,0.04,0.01,7500,500
4.528633117675781,0.04,0.01,7500,500
4.530250072479248,0.04,0.01,7500,500
4.53277587890625,0.04,0.01,7500,500
4.534893989562988,0.04,0.01,7500,500
4.536045551300049,0.04,0.01,7500,500
4.537618160247803,0.04,0.01,7500,500
4.5404887199401855,0.04,0.01,7500,500
4.5410284996032715,0.04,0.01,7500,500
4.542523384094238,0.04,0.01,7500,500
4.544196605682373,0.04,0.01,7500,500
4.546142101287842,0.04,0.01,7500,500
4.5478973388671875,0.04,0.01,7500,500
4.549961090087891,0.04,0.01,7500,500
4.552111625671387,0.04,0.01,7500,500
4.553689956665039,0.04,0.01,7500,500
4.5550408363342285,0.04,0.01,7500,500
4.55673885345459,0.04,0.01,7500,500
4.559567928314209,0.04,0.01,7500,500
4.561797142028809,0.04,0.01,7500,500
4.56337833404541,0.04,0.01,7500,500
4.565219879150391,0.04,0.01,7500,500
4.566993236541748,0.04,0.01,7500,500
4.568161487579346,0.04,0.01,7500,500
4.569013595581055,0.04,0.01,7500,500
4.570138454437256,0.04,0.01,7500,500
4.571900844573975,0.04,0.01,7500,500
4.573793888092041,0.04,0.01,7500,500
4.575839519500732,0.04,0.01,7500,500
4.576452255249023,0.04,0.01,7500,500
4.577530384063721,0.04,0.01,7500,500
4.578704833984375,0.04,0.01,7500,500
4.580521106719971,0.04,0.01,7500,500
4.582749366760254,0.04,0.01,7500,500
4.585277557373047,0.04,0.01,7500,500
4.5858306884765625,0.04,0.01,7500,500
4.586411476135254,0.04,0.01,7500,500
4.58742094039917,0.04,0.01,7500,500
4.588358402252197,0.04,0.01,7500,500
4.5897111892700195,0.04,0.01,7500,500
4.590583801269531,0.04,0.01,7500,500
4.59425163269043,0.04,0.01,7500,500
4.595970153808594,0.04,0.01,7500,500
4.597410678863525,0.04,0.01,7500,500
4.599548816680908,0.04,0.01,7500,500
4.6023335456848145,0.04,0.01,7500,500
4.603724956512451,0.04,0.01,7500,500
4.605584621429443,0.04,0.01,7500,500
4.606491565704346,0.04,0.01,7500,500
4.608059406280518,0.04,0.01,7500,500
4.6099534034729,0.04,0.01,7500,500
4.61041784286499,0.04,0.01,7500,500
4.612135410308838,0.04,0.01,7500,500
4.6148905754089355,0.04,0.01,7500,500
4.615560054779053,0.04,0.01,7500,500
4.617399215698242,0.04,0.01,7500,500
4.618219375610352,0.04,0.01,7500,500
4.620156764984131,0.04,0.01,7500,500
4.622396469116211,0.04,0.01,7500,500
4.624351501464844,0.04,0.01,7500,500
4.626565933227539,0.04,0.01,7500,500
4.627500057220459,0.04,0.01,7500,500
4.628803730010986,0.04,0.01,7500,500
4.630950450897217,0.04,0.01,7500,500
4.631418228149414,0.04,0.01,7500,500
4.633813858032227,0.04,0.01,7500,500
4.634948253631592,0.04,0.01,7500,500
4.6354146003723145,0.04,0.01,7500,500
4.637228965759277,0.04,0.01,7500,500
4.639485836029053,0.04,0.01,7500,500
3.999899387359619,0.04,0.01,10000,500
3.9989118576049805,0.04,0.01,10000,500
3.9978697299957275,0.04,0.01,10000,500
3.9972565174102783,0.04,0.01,10000,500
3.997767925262451,0.04,0.01,10000,500
3.9975740909576416,0.04,0.01,10000,500
3.996659994125366,0.04,0.01,10000,500
3.996424674987793,0.04,0.01,10000,500
3.996943950653076,0.04,0.01,10000,500
3.9962637424468994,0.04,0.01,10000,500
3.9959609508514404,0.04,0.01,10000,500
3.9959564208984375,0.04,0.01,10000,500
3.9971277713775635,0.04,0.01,10000,500
3.9972164630889893,0.04,0.01,10000,500
3.9978349208831787,0.04,0.01,10000,500
3.998321294784546,0.04,0.01,10000,500
3.998429298400879,0.04,0.01,10000,500
3.9984400272369385,0.04,0.01,10000,500
3.999711036682129,0.04,0.01,10000,500
3.9997668266296387,0.04,0.01,10000,500
3.9999499320983887,0.04,0.01,10000,500
3.9996509552001953,0.04,0.01,10000,500
3.998826265335083,0.04,0.01,10000,500
3.9980270862579346,0.04,0.01,10000,500
3.997422456741333,0.04,0.01,10000,500
3.9976935386657715,0.04,0.01,10000,500
3.9968717098236084,0.04,0.01,10000,500
3.996265411376953,0.04,0.01,10000,500
3.997375011444092,0.04,0.01,10000,500
3.996812343597412,0.04,0.01,10000,500
3.9961416721343994,0.04,0.01,10000,500
3.9964706897735596,0.04,0.01,10000,500
3.996483325958252,0.04,0.01,10000,500
3.9957635402679443,0.04,0.01,10000,500
3.995283365249634,0.04,0.01,10000,500
3.9949021339416504,0.04,0.01,10000,500
3.995332717895508,0.04,0.01,10000,500
3.995971202850342,0.04,0.01,10000,500
3.994454860687256,0.04,0.01,10000,500
3.9944138526916504,0.04,0.01,10000,500
3.9928667545318604,0.04,0.01,10000,500
3.9934914112091064,0.04,0.01,10000,500
3.9944968223571777,0.04,0.01,10000,500
3.9941999912261963,0.04,0.01,10000,500
3.9942710399627686,0.04,0.01,10000,500
3.9949605464935303,0.04,0.01,10000,500
3.9944844245910645,0.04,0.01,10000,500
3.9945335388183594,0.04,0.01,10000,500
3.9951224327087402,0.04,0.01,10000,500
3.9955999851226807,0.04,0.01,10000,500
3.9963691234588623,0.04,0.01,10000,500
3.995896100997925,0.04,0.01,10000,500
3.9960427284240723,0.04,0.01,10000,500
3.9973766803741455,0.04,0.01,10000,500
3.998175621032715,0.04,0.01,10000,500
3.9981963634490967,0.04,0.01,10000,500
3.9991819858551025,0.04,0.01,10000,500
3.9996542930603027,0.04,0.01,10000,500
4.000938415527344,0.04,0.01,10000,500
4.000156879425049,0.04,0.01,10000,500
4.000138759613037,0.04,0.01,10000,500
4.0004448890686035,0.04,0.01,10000,500
4.001022815704346,0.04,0.01,10000,500
4.00050163269043,0.04,0.01,10000,500
4.001091003417969,0.04,0.01,10000,500
4.001771926879883,0.04,0.01,10000,500
4.002136707305908,0.04,0.01,10000,500
4.00259256362915,0.04,0.01,10000,500
4.002063274383545,0.04,0.01,10000,500
4.002885341644287,0.04,0.01,10000,500
4.003427982330322,0.04,0.01,10000,500
4.004685878753662,0.04,0.01,10000,500
4.00520658493042,0.04,0.01,10000,500
4.006213665008545,0.04,0.01,10000,500
4.006866931915283,0.04,0.01,10000,500
4.006855010986328,0.04,0.01,10000,500
4.007526397705078,0.04,0.01,10000,500
4.0071306228637695,0.04,0.01,10000,500
4.0085015296936035,0.04,0.01,10000,500
4.009278774261475,0.04,0.01,10000,500
4.009209632873535,0.04,0.01,10000,500
4.0085601806640625,0.04,0.01,10000,500
4.009174823760986,0.04,0.01,10000,500
4.009560585021973,0.04,0.01,10000,500
4.0095696449279785,0.04,0.01,10000,500
4.011703014373779,0.04,0.01,10000,500
4.011957168579102,0.04,0.01,10000,500
4.012204170227051,0.04,0.01,10000,500
4.012279987335205,0.04,0.01,10000,500
4.013608455657959,0.04,0.01,10000,500
4.014756202697754,0.04,0.01,10000,500
4.0154500007629395,0.04,0.01,10000,500
4.0172882080078125,0.04,0.01,10000,500
4.018531322479248,0.04,0.01,10000,500
4.020827770233154,0.04,0.01,10000,500
4.021335124969482,0.04,0.01,10000,500
4.021035671234131,0.04,0.01,10000,500
4.021808624267578,0.04,0.01,10000,500
4.022568225860596,0.04,0.01,10000,500
4.02302885055542,0.04,0.01,10000,500
4.0245208740234375,0.04,0.01,10000,500
4.025829315185547,0.04,0.01,10000,500
4.026675701141357,0.04,0.01,10000,500
4.026906490325928,0.04,0.01,10000,500
4.02809476852417,0.04,0.01,10000,500
4.029237270355225,0.04,0.01,10000,500
4.029907703399658,0.04,0.01,10000,500
4.029392242431641,0.04,0.01,10000,500
4.029686450958252,0.04,0.01,10000,500
4.030609130859375,0.04,0.01,10000,500
4.030933380126953,0.04,0.01,10000,500
4.031205654144287,0.04,0.01,10000,500
4.032278537750244,0.04,0.01,10000,500
4.033041477203369,0.04,0.01,10000,500
4.03365421295166,0.04,0.01,10000,500
4.034595489501953,0.04,0.01,10000,500
4.035711288452148,0.04,0.01,10000,500
4.036441802978516,0.04,0.01,10000,500
4.037282466888428,0.04,0.01,10000,500
4.037713050842285,0.04,0.01,10000,500
4.0386881828308105,0.04,0.01,10000,500
4.038416385650635,0.04,0.01,10000,500
4.039268493652344,0.04,0.01,10000,500
4.039880752563477,0.04,0.01,10000,500
4.04218053817749,0.04,0.01,10000,500
4.0436320304870605,0.04,0.01,10000,500
4.044183254241943,0.04,0.01,10000,500
4.0456719398498535,0.04,0.01,10000,500
4.046264171600342,0.04,0.01,10000,500
4.046650409698486,0.04,0.01,10000,500
4.048154354095459,0.04,0.01,10000,500
4.047959327697754,0.04,0.01,10000,500
4.048398494720459,0.04,0.01,10000,500
4.0493621826171875,0.04,0.01,10000,500
4.050467014312744,0.04,0.01,10000,500
4.051245212554932,0.04,0.01,10000,500
4.053017616271973,0.04,0.01,10000,500
4.0546464920043945,0.04,0.01,10000,500
4.055370807647705,0.04,0.01,10000,500
4.055657386779785,0.04,0.01,10000,500
4.056520938873291,0.04,0.01,10000,500
4.057945251464844,0.04,0.01,10000,500
4.059896945953369,0.04,0.01,10000,500
4.06089973449707,0.04,0.01,10000,500
4.061643123626709,0.04,0.01,10000,500
4.0619797706604,0.04,0.01,10000,500
4.063161849975586,0.04,0.01,10000,500
4.065064907073975,0.04,0.01,10000,500
4.06583833694458,0.04,0.01,10000,500
4.065658092498779,0.04,0.01,10000,500
4.066634178161621,0.04,0.01,10000,500
4.06689977645874,0.04,0.01,10000,500
4.067411422729492,0.04,0.01,10000,500
4.067841053009033,0.04,0.01,10000,500
4.069760322570801,0.04,0.01,10000,500
4.071191310882568,0.04,0.01,10000,500
4.071642875671387,0.04,0.01,10000,500
4.072173595428467,0.04,0.01,10000,500
4.073566436767578,0.04,0.01,10000,500
4.0749077796936035,0.04,0.01,10000,500
4.0772705078125,0.04,0.01,10000,500
4.079147815704346,0.04,0.01,10000,500
4.08022403717041,0.04,0.01,10000,500
4.0813703536987305,0.04,0.01,10000,500
4.082836151123047,0.04,0.01,10000,500
4.0827836990356445,0.04,0.01,10000,500
4.082562446594238,0.04,0.01,10000,500
4.083812236785889,0.04,0.01,10000,500
4.085201740264893,0.04,0.01,10000,500
4.086194038391113,0.04,0.01,10000,500
4.087623596191406,0.04,0.01,10000,500
4.088760852813721,0.04,0.01,10000,500
4.089956760406494,0.04,0.01,10000,500
4.091084003448486,0.04,0.01,10000,500
4.091807842254639,0.04,0.01,10000,500
4.093053817749023,0.04,0.01,10000,500
4.09449577331543,0.04,0.01,10000,500
4.094349384307861,0.04,0.01,10000,500
4.095957279205322,0.04,0.01,10000,500
4.09659481048584,0.04,0.01,10000,500
4.097055435180664,0.04,0.01,10000,500
4.097002983093262,0.04,0.01,10000,500
4.0983567237854,0.04,0.01,10000,500
4.098405361175537,0.04,0.01,10000,500
4.0989837646484375,0.04,0.01,10000,500
4.1006011962890625,0.04,0.01,10000,500
4.102487564086914,0.04,0.01,10000,500
4.102957725524902,0.04,0.01,10000,500
4.1040143966674805,0.04,0.01,10000,500
4.104859828948975,0.04,0.01,10000,500
4.105382442474365,0.04,0.01,10000,500
4.1065168380737305,0.04,0.01,10000,500
4.10742712020874,0.04,0.01,10000,500
4.108757495880127,0.04,0.01,10000,500
4.1092119216918945,0.04,0.01,10000,500
4.110137939453125,0.04,0.01,10000,500
4.110910892486572,0.04,0.01,10000,500
4.11163330078125,0.04,0.01,10000,500
4.11323356628418,0.04,0.01,10000,500
4.114892482757568,0.04,0.01,10000,500
4.116201400756836,0.04,0.01,10000,500
4.116508483886719,0.04,0.01,10000,500
4.117083549499512,0.04,0.01,10000,500
4.117834568023682,0.04,0.01,10000,500
4.1191277503967285,0.04,0.01,10000,500
4.119275093078613,0.04,0.01,10000,500
4.119613170623779,0.04,0.01,10000,500
4.12074613571167,0.04,0.01,10000,500
4.122652530670166,0.04,0.01,10000,500
4.122847557067871,0.04,0.01,10000,500
4.123420238494873,0.04,0.01,10000,500
4.124271392822266,0.04,0.01,10000,500
4.12539005279541,0.04,0.01,10000,500
4.126631259918213,0.04,0.01,10000,500
4.127383232116699,0.04,0.01,10000,500
4.128791332244873,0.04,0.01,10000,500
4.129575252532959,0.04,0.01,10000,500
4.131662845611572,0.04,0.01,10000,500
4.133374214172363,0.04,0.01,10000,500
4.134951591491699,0.04,0.01,10000,500
4.136283874511719,0.04,0.01,10000,500
4.137059211730957,0.04,0.01,10000,500
4.138465881347656,0.04,0.01,10000,500
4.139816761016846,0.04,0.01,10000,500
4.1419243812561035,0.04,0.01,10000,500
4.143530368804932,0.04,0.01,10000,500
4.145066261291504,0.04,0.01,10000,500
4.146284580230713,0.04,0.01,10000,500
4.148108005523682,0.04,0.01,10000,500
4.150274276733398,0.04,0.01,10000,500
4.150649070739746,0.04,0.01,10000,500
4.1518049240112305,0.04,0.01,10000,500
4.152629375457764,0.04,0.01,10000,500
4.1540608406066895,0.04,0.01,10000,500
4.15548038482666,0.04,0.01,10000,500
4.155777931213379,0.04,0.01,10000,500
4.157132625579834,0.04,0.01,10000,500
4.158142566680908,0.04,0.01,10000,500
4.159706115722656,0.04,0.01,10000,500
4.1596879959106445,0.04,0.01,10000,500
4.161121845245361,0.04,0.01,10000,500
4.162259101867676,0.04,0.01,10000,500
4.163815021514893,0.04,0.01,10000,500
4.166195392608643,0.04,0.01,10000,500
4.168752193450928,0.04,0.01,10000,500
4.169631481170654,0.04,0.01,10000,500
4.1708598136901855,0.04,0.01,10000,500
4.171319484710693,0.04,0.01,10000,500
4.171530723571777,0.04,0.01,10000,500
4.172787189483643,0.04,0.01,10000,500
4.175078868865967,0.04,0.01,10000,500
4.175421237945557,0.04,0.01,10000,500
4.175260543823242,0.04,0.01,10000,500
4.177369117736816,0.04,0.01,10000,500
4.177846908569336,0.04,0.01,10000,500
4.17884635925293,0.04,0.01,10000,500
4.179737567901611,0.04,0.01,10000,500
4.182301998138428,0.04,0.01,10000,500
4.1849141120910645,0.04,0.01,10000,500
4.185575008392334,0.04,0.01,10000,500
4.18815803527832,0.04,0.01,10000,500
4.1889567375183105,0.04,0.01,10000,500
4.190014362335205,0.04,0.01,10000,500
4.191029071807861,0.04,0.01,10000,500
4.191948890686035,0.04,0.01,10000,500
4.19364595413208,0.04,0.01,10000,500
4.193727493286133,0.04,0.01,10000,500
4.194221496582031,0.04,0.01,10000,500
4.194972038269043,0.04,0.01,10000,500
4.197648048400879,0.04,0.01,10000,500
4.198343753814697,0.04,0.01,10000,500
4.199835777282715,0.04,0.01,10000,500
4.201364040374756,0.04,0.01,10000,500
4.202757835388184,0.04,0.01,10000,500
4.203874111175537,0.04,0.01,10000,500
4.2058329582214355,0.04,0.01,10000,500
4.206706523895264,0.04,0.01,10000,500
4.207409381866455,0.04,0.01,10000,500
4.2084736824035645,0.04,0.01,10000,500
4.209777355194092,0.04,0.01,10000,500
4.210873126983643,0.04,0.01,10000,500
4.212549686431885,0.04,0.01,10000,500
4.214445114135742,0.04,0.01,10000,500
4.214898586273193,0.04,0.01,10000,500
4.2159624099731445,0.04,0.01,10000,500
4.21718692779541,0.04,0.01,10000,500
4.21762228012085,0.04,0.01,10000,500
4.218945503234863,0.04,0.01,10000,500
4.22024393081665,0.04,0.01,10000,500
4.22151517868042,0.04,0.01,10000,500
4.222714424133301,0.04,0.01,10000,500
4.223891735076904,0.04,0.01,10000,500
4.2247514724731445,0.04,0.01,10000,500
4.2252702713012695,0.04,0.01,10000,500
4.2267303466796875,0.04,0.01,10000,500
4.227917194366455,0.04,0.01,10000,500
4.229763984680176,0.04,0.01,10000,500
4.229799747467041,0.04,0.01,10000,500
4.2318644523620605,0.04,0.01,10000,500
4.230825901031494,0.04,0.01,10000,500
4.232183456420898,0.04,0.01,10000,500
4.233740329742432,0.04,0.01,10000,500
4.235443115234375,0.04,0.01,10000,500
4.236240386962891,0.04,0.01,10000,500
4.237545013427734,0.04,0.01,10000,500
4.23797607421875,0.04,0.01,10000,500
4.239498615264893,0.04,0.01,10000,500
4.240264892578125,0.04,0.01,10000,500
4.242363452911377,0.04,0.01,10000,500
4.243049621582031,0.04,0.01,10000,500
4.2440948486328125,0.04,0.01,10000,500
4.245325088500977,0.04,0.01,10000,500
4.246278285980225,0.04,0.01,10000,500
4.24749755859375,0.04,0.01,10000,500
4.248998641967773,0.04,0.01,10000,500
4.249427795410156,0.04,0.01,10000,500
4.25124979019165,0.04,0.01,10000,500
4.252313613891602,0.04,0.01,10000,500
4.253476142883301,0.04,0.01,10000,500
4.254719257354736,0.04,0.01,10000,500
4.256278991699219,0.04,0.01,10000,500
4.257635593414307,0.04,0.01,10000,500
4.258296012878418,0.04,0.01,10000,500
4.258864402770996,0.04,0.01,10000,500
4.2597784996032715,0.04,0.01,10000,500
4.261096477508545,0.04,0.01,10000,500
4.261336803436279,0.04,0.01,10000,500
4.261688232421875,0.04,0.01,10000,500
4.263078689575195,0.04,0.01,10000,500
4.2644124031066895,0.04,0.01,10000,500
4.266148567199707,0.04,0.01,10000,500
4.267539024353027,0.04,0.01,10000,500
4.268792152404785,0.04,0.01,10000,500
4.27058744430542,0.04,0.01,10000,500
4.272011756896973,0.04,0.01,10000,500
4.27368688583374,0.04,0.01,10000,500
4.275161266326904,0.04,0.01,10000,500
4.275900840759277,0.04,0.01,10000,500
4.277552127838135,0.04,0.01,10000,500
4.279260158538818,0.04,0.01,10000,500
4.280506134033203,0.04,0.01,10000,500
4.281486511230469,0.04,0.01,10000,500
4.28193998336792,0.04,0.01,10000,500
4.283703327178955,0.04,0.01,10000,500
4.284807205200195,0.04,0.01,10000,500
4.285125732421875,0.04,0.01,10000,500
4.286263942718506,0.04,0.01,10000,500
4.287054538726807,0.04,0.01,10000,500
4.288365840911865,0.04,0.01,10000,500
4.289485931396484,0.04,0.01,10000,500
4.291776180267334,0.04,0.01,10000,500
4.293856143951416,0.04,0.01,10000,500
4.295206546783447,0.04,0.01,10000,500
4.296786308288574,0.04,0.01,10000,500
4.29721736907959,0.04,0.01,10000,500
4.299429416656494,0.04,0.01,10000,500
4.301501750946045,0.04,0.01,10000,500
4.302359104156494,0.04,0.01,10000,500
4.303332805633545,0.04,0.01,10000,500
4.303846836090088,0.04,0.01,10000,500
4.305561542510986,0.04,0.01,10000,500
4.307628631591797,0.04,0.01,10000,500
4.308111190795898,0.04,0.01,10000,500
4.3100972175598145,0.04,0.01,10000,500
4.312118053436279,0.04,0.01,10000,500
4.314448356628418,0.04,0.01,10000,500
4.316060543060303,0.04,0.01,10000,500
4.31821870803833,0.04,0.01,10000,500
4.320109844207764,0.04,0.01,10000,500
4.320830821990967,0.04,0.01,10000,500
4.322147846221924,0.04,0.01,10000,500
4.323976993560791,0.04,0.01,10000,500
4.325316429138184,0.04,0.01,10000,500
4.326163291931152,0.04,0.01,10000,500
4.327975273132324,0.04,0.01,10000,500
4.328982830047607,0.04,0.01,10000,500
4.329540252685547,0.04,0.01,10000,500
4.329217910766602,0.04,0.01,10000,500
4.330024719238281,0.04,0.01,10000,500
4.331512928009033,0.04,0.01,10000,500
4.332129001617432,0.04,0.01,10000,500
4.3331403732299805,0.04,0.01,10000,500
4.33430814743042,0.04,0.01,10000,500
4.334918022155762,0.04,0.01,10000,500
4.337274551391602,0.04,0.01,10000,500
4.338852405548096,0.04,0.01,10000,500
4.341006755828857,0.04,0.01,10000,500
4.342920780181885,0.04,0.01,10000,500
4.344461441040039,0.04,0.01,10000,500
4.346465587615967,0.04,0.01,10000,500
4.347382545471191,0.04,0.01,10000,500
4.350010395050049,0.04,0.01,10000,500
4.351184368133545,0.04,0.01,10000,500
4.352719306945801,0.04,0.01,10000,500
4.354116916656494,0.04,0.01,10000,500
4.35481595993042,0.04,0.01,10000,500
4.356773376464844,0.04,0.01,10000,500
4.358299255371094,0.04,0.01,10000,500
4.3598737716674805,0.04,0.01,10000,500
4.360387802124023,0.04,0.01,10000,500
4.362332820892334,0.04,0.01,10000,500
4.3633880615234375,0.04,0.01,10000,500
4.364114284515381,0.04,0.01,10000,500
4.3650712966918945,0.04,0.01,10000,500
4.366178035736084,0.04,0.01,10000,500
4.367560863494873,0.04,0.01,10000,500
4.3688154220581055,0.04,0.01,10000,500
4.370391368865967,0.04,0.01,10000,500
4.371215343475342,0.04,0.01,10000,500
4.372661113739014,0.04,0.01,10000,500
4.374163627624512,0.04,0.01,10000,500
4.3751726150512695,0.04,0.01,10000,500
4.3765764236450195,0.04,0.01,10000,500
4.3784499168396,0.04,0.01,10000,500
4.380250453948975,0.04,0.01,10000,500
4.38100004196167,0.04,0.01,10000,500
4.381864547729492,0.04,0.01,10000,500
4.3831963539123535,0.04,0.01,10000,500
4.385513782501221,0.04,0.01,10000,500
4.3871026039123535,0.04,0.01,10000,500
4.388422012329102,0.04,0.01,10000,500
4.388079643249512,0.04,0.01,10000,500
4.389604091644287,0.04,0.01,10000,500
4.390851020812988,0.04,0.01,10000,500
4.3931379318237305,0.04,0.01,10000,500
4.393767833709717,0.04,0.01,10000,500
4.394991874694824,0.04,0.01,10000,500
4.396229267120361,0.04,0.01,10000,500
4.397576332092285,0.04,0.01,10000,500
4.399138450622559,0.04,0.01,10000,500
4.401319980621338,0.04,0.01,10000,500
4.40187931060791,0.04,0.01,10000,500
4.402861595153809,0.04,0.01,10000,500
4.403275489807129,0.04,0.01,10000,500
4.405529022216797,0.04,0.01,10000,500
4.406606197357178,0.04,0.01,10000,500
4.408524513244629,0.04,0.01,10000,500
4.410747051239014,0.04,0.01,10000,500
4.411820888519287,0.04,0.01,10000,500
4.413502216339111,0.04,0.01,10000,500
4.414405345916748,0.04,0.01,10000,500
4.415848255157471,0.04,0.01,10000,500
4.41711950302124,0.04,0.01,10000,500
4.419901371002197,0.04,0.01,10000,500
4.421130180358887,0.04,0.01,10000,500
4.4221110343933105,0.04,0.01,10000,500
4.422738075256348,0.04,0.01,10000,500
4.422242641448975,0.04,0.01,10000,500
4.423768043518066,0.04,0.01,10000,500
4.425904273986816,0.04,0.01,10000,500
4.426684379577637,0.04,0.01,10000,500
4.429121494293213,0.04,0.01,10000,500
4.430923938751221,0.04,0.01,10000,500
4.432361125946045,0.04,0.01,10000,500
4.434248924255371,0.04,0.01,10000,500
4.434689521789551,0.04,0.01,10000,500
4.436188697814941,0.04,0.01,10000,500
4.436973571777344,0.04,0.01,10000,500
4.438166618347168,0.04,0.01,10000,500
4.440612316131592,0.04,0.01,10000,500
4.441073894500732,0.04,0.01,10000,500
4.441615104675293,0.04,0.01,10000,500
4.443787574768066,0.04,0.01,10000,500
4.445329666137695,0.04,0.01,10000,500
4.445648670196533,0.04,0.01,10000,500
4.446356773376465,0.04,0.01,10000,500
4.447314739227295,0.04,0.01,10000,500
4.449896335601807,0.04,0.01,10000,500
4.450775623321533,0.04,0.01,10000,500
4.452225208282471,0.04,0.01,10000,500
4.453588485717773,0.04,0.01,10000,500
4.4559431076049805,0.04,0.01,10000,500
4.4573893547058105,0.04,0.01,10000,500
4.458949089050293,0.04,0.01,10000,500
4.461001396179199,0.04,0.01,10000,500
4.462357997894287,0.04,0.01,10000,500
4.463453769683838,0.04,0.01,10000,500
4.463447093963623,0.04,0.01,10000,500
4.464217185974121,0.04,0.01,10000,500
4.464926719665527,0.04,0.01,10000,500
4.46574068069458,0.04,0.01,10000,500
4.466557502746582,0.04,0.01,10000,500
4.467156887054443,0.04,0.01,10000,500
4.46906852722168,0.04,0.01,10000,500
4.470188140869141,0.04,0.01,10000,500
4.472719669342041,0.04,0.01,10000,500
4.4730634689331055,0.04,0.01,10000,500
4.47373104095459,0.04,0.01,10000,500
4.4746575355529785,0.04,0.01,10000,500
4.476704120635986,0.04,0.01,10000,500
4.477545261383057,0.04,0.01,10000,500
4.478696823120117,0.04,0.01,10000,500
4.480132102966309,0.04,0.01,10000,500
4.482364177703857,0.04,0.01,10000,500
4.483216762542725,0.04,0.01,10000,500
4.484123706817627,0.04,0.01,10000,500
4.485136032104492,0.04,0.01,10000,500
4.48617696762085,0.04,0.01,10000,500
4.487545490264893,0.04,0.01,10000,500
4.488342761993408,0.04,0.01,10000,500
4.489790916442871,0.04,0.01,10000,500
